State, Total, Total Passed, % Passed,Num Black, Black Passed, % Black Passed, % Black,Num Hispanic, Hisp Passed, % Hisp Passed, % Hisp,Num Asian, Asian Passed, % Asian Passed, % Asian,Num White, White Passed, % White Passed, % White,Num PI, PI Passed, % PI Passed, % PI,Num NA, NA Passed, % NA Passed, % NA,Num 2+, 2+ Passed, % 2+ Passed, % 2+,Num Other, Other Passed, % Other Passed, % Other,Num NR, NR Passed, % NR Passed, % NR,Fem Total, Fem Passed, % Fem Passed, % Fem,Num Black Fem, Fem Black Passed, % Fem Black Passed, % Fem Black,Num Hispanic Fem, Fem Hisp Passed, % Fem Hisp Passed, % Fem Hisp,Num Asian Fem, Fem Asian Passed, % Fem Asian Passed, % Fem Asian,Num White Fem, Fem White Passed, % Fem White Passed, % Fem White,Num PI Fem, Fem PI Passed, % Fem PI Passed, % Fem PI,Num NA Fem, Fem NA Passed, % Fem NA Passed, % Fem NA,Num 2+ Fem, Fem 2+ Passed, % Fem 2+ Passed, % Fem 2+,Num Other Fem, Fem Other Passed, % Fem Other Passed,% Fem Other,Num NR Fem, Fem NR Passed, % Fem NR Passed,% Fem NR,Male Total, Male Passed, % Male Passed, % Male,Num Black Male, Male Black Passed, % Male Black Passed, % Male Black,Num Hispanic Male, Male Hisp Passed, % Male Hisp Passed, % Male Hisp,Num Asian Male, Male Asian Passed, % Male Asian Passed, % Male Asian,Num White Male, Male White Passed, % Male White Passed, % Male White,Num PI Male, Male PI Passed, % Male PI Passed, % Male PI,Num NA Male, Male NA Passed, % Male NA Passed, % Male NA,Num 2+ Male, Male 2+ Passed, % Male 2+ Passed, % Male 2+,Num Other Male, Male Other Passed, % Male Other Passed, % Male OtherNum NR Male,Num Male NR, Male NR Passed, % Male NR Passed, % Male NR,
Alabama,335,189,56.42,35,13,37.14,10.45,18,11,61.11,5.37,77,49,63.64,22.99,173,98,56.65,51.64,0,0,0,0,2,0,0,0.6,19,11,57.89,5.67,0,0,0,0,11,5,45.45,3.28,87,46,52.87,25.97,11,6,54.55,3.28,3,0,0,0.9,30,18,60,8.96,32,13,40.62,9.55,0,0,0,0,0,0,0,0,9,6,66.67,2.69,0,0,0,0,2,0,0,0.6,246,141,57.32,73.43,24,7,29.17,7.16,15,8,53.33,4.48,47,31,65.96,14.03,139,83,59.71,41.49,0,0,0,0,2,0,0,0.6,10,5,50,2.99,0,0,0,0,9,5,55.56,2.69, 
Alaska,39,28,71.79,0,0,0,0,2,0,0,5.13,2,0,0,5.13,29,21,72.41,74.36,0,0,0,0,1,0,0,2.56,4,0,0,10.26,0,0,0,0,1,0,0,2.56,6,4,66.67,15.38,0,0,0,0,0,0,0,0,1,0,0,2.56,3,0,0,7.69,0,0,0,0,0,0,0,0,2,0,0,5.13,0,0,0,0,0,0,0,0,33,24,72.73,84.62,0,0,0,0,2,0,0,5.13,1,0,0,2.56,26,19,73.08,66.67,0,0,0,0,1,0,0,2.56,2,0,0,5.13,0,0,0,0,1,0,0,2.56, 
Arizona,627,370,59.01,15,4,26.67,2.39,97,39,40.21,15.47,188,135,71.81,29.98,269,166,61.71,42.9,0,0,0,0,7,3,42.86,1.12,32,16,50,5.1,0,0,0,0,19,7,36.84,3.03,148,90,60.81,23.6,4,0,0,0.64,19,6,31.58,3.03,54,34,62.96,8.61,57,40,70.18,9.09,0,0,0,0,2,0,0,0.32,11,8,72.73,1.75,0,0,0,0,1,0,0,0.16,477,279,58.49,76.08,11,3,27.27,1.75,77,33,42.86,12.28,134,101,75.37,21.37,211,125,59.24,33.65,0,0,0,0,5,3,60,0.8,21,8,38.1,3.35,0,0,0,0,18,6,33.33,2.87, 
Arkansas,454,194,42.73,24,6,25,5.29,52,24,46.15,11.45,64,30,46.88,14.1,284,121,42.61,62.56,1,0,0,0.22,5,0,0,1.1,15,7,46.67,3.3,0,0,0,0,9,6,66.67,1.98,79,27,34.18,17.4,6,1,16.67,1.32,7,2,28.57,1.54,12,5,41.67,2.64,50,17,34,11.01,0,0,0,0,0,0,0,0,2,0,0,0.44,0,0,0,0,2,0,0,0.44,372,165,44.35,81.94,18,5,27.78,3.96,45,22,48.89,9.91,52,25,48.08,11.45,231,102,44.16,50.88,1,0,0,0.22,5,0,0,1.1,13,6,46.15,2.86,0,0,0,0,7,5,71.43,1.54, 
California,13089,8951,68.39,166,64,38.55,1.27,1986,700,35.25,15.17,6802,5198,76.42,51.97,2616,1824,69.72,19.99,24,12,50,0.18,34,18,52.94,0.26,744,537,72.18,5.68,0,0,0,0,717,598,83.4,5.48,3593,2474,68.86,27.45,35,11,31.43,0.27,539,157,29.13,4.12,2044,1584,77.5,15.62,519,364,70.13,3.97,6,1,16.67,0.05,6,4,66.67,0.05,224,170,75.89,1.71,0,0,0,0,220,183,83.18,1.68,9468,6461,68.24,72.34,131,53,40.46,1,1444,542,37.53,11.03,4747,3606,75.96,36.27,2090,1456,69.67,15.97,18,11,61.11,0.14,28,14,50,0.21,518,366,70.66,3.96,0,0,0,0,492,413,83.94,3.76, 
Colorado,971,642,66.12,20,14,70,2.06,80,45,56.25,8.24,193,140,72.54,19.88,581,387,66.61,59.84,3,0,0,0.31,1,0,0,0.1,71,38,53.52,7.31,0,0,0,0,22,16,72.73,2.27,243,155,63.79,25.03,2,0,0,0.21,23,16,69.57,2.37,71,49,69.01,7.31,118,69,58.47,12.15,2,0,0,0.21,0,0,0,0,22,13,59.09,2.27,0,0,0,0,5,5,100,0.51,728,487,66.9,74.97,18,12,66.67,1.85,57,29,50.88,5.87,122,91,74.59,12.56,463,318,68.68,47.68,1,0,0,0.1,1,0,0,0.1,49,25,51.02,5.05,0,0,0,0,17,11,64.71,1.75, 
Connecticut,1145,814,71.09,24,15,62.5,2.1,90,47,52.22,7.86,354,251,70.9,30.92,550,402,73.09,48.03,1,0,0,0.09,2,0,0,0.17,63,49,77.78,5.5,0,0,0,0,61,48,78.69,5.33,311,223,71.7,27.16,8,7,87.5,0.7,17,8,47.06,1.48,119,86,72.27,10.39,126,90,71.43,11,0,0,0,0,0,0,0,0,22,15,68.18,1.92,0,0,0,0,19,17,89.47,1.66,832,590,70.91,72.66,16,8,50,1.4,73,39,53.42,6.38,233,164,70.39,20.35,424,312,73.58,37.03,1,0,0,0.09,2,0,0,0.17,41,34,82.93,3.58,0,0,0,0,42,31,73.81,3.67, 
Delaware,230,90,39.13,28,7,25,12.17,17,4,23.53,7.39,55,39,70.91,23.91,101,32,31.68,43.91,0,0,0,0,0,0,0,0,19,5,26.32,8.26,0,0,0,0,10,3,30,4.35,48,20,41.67,20.87,9,2,22.22,3.91,2,0,0,0.87,15,12,80,6.52,16,2,12.5,6.96,0,0,0,0,0,0,0,0,2,0,0,0.87,0,0,0,0,4,0,0,1.74,182,70,38.46,79.13,19,5,26.32,8.26,15,3,20,6.52,40,27,67.5,17.39,85,30,35.29,36.96,0,0,0,0,0,0,0,0,17,4,23.53,7.39,0,0,0,0,6,1,16.67,2.61, 
District-of-Columbia,169,96,56.8,49,6,12.24,28.99,17,8,47.06,10.06,15,12,80,8.88,61,56,91.8,36.09,0,0,0,0,1,0,0,0.59,13,7,53.85,7.69,0,0,0,0,13,7,53.85,7.69,46,15,32.61,27.22,21,0,0,12.43,8,1,12.5,4.73,4,0,0,2.37,8,7,87.5,4.73,0,0,0,0,0,0,0,0,3,0,0,1.78,0,0,0,0,2,0,0,1.18,123,81,65.85,72.78,28,6,21.43,16.57,9,7,77.78,5.33,11,8,72.73,6.51,53,49,92.45,31.36,0,0,0,0,1,0,0,0.59,10,5,50,5.92,0,0,0,0,11,6,54.55,6.51, 
Florida,3228,1748,54.15,182,64,35.16,5.64,888,438,49.32,27.51,647,408,63.06,20.04,1228,690,56.19,38.04,4,0,0,0.12,13,6,46.15,0.4,148,75,50.68,4.58,0,0,0,0,118,67,56.78,3.66,758,372,49.08,23.48,54,20,37.04,1.67,187,79,42.25,5.79,216,127,58.8,6.69,237,113,47.68,7.34,2,0,0,0.06,1,0,0,0.03,35,17,48.57,1.08,0,0,0,0,26,16,61.54,0.81,2462,1371,55.69,76.27,128,44,34.38,3.97,697,358,51.36,21.59,429,279,65.03,13.29,990,576,58.18,30.67,2,0,0,0.06,12,6,50,0.37,112,57,50.89,3.47,0,0,0,0,92,51,55.43,2.85, 
Georgia,2461,1378,55.99,234,71,30.34,9.51,245,89,36.33,9.96,866,540,62.36,35.19,941,574,61,38.24,4,0,0,0.16,6,4,66.67,0.24,110,68,61.82,4.47,0,0,0,0,55,31,56.36,2.23,636,329,51.73,25.84,78,25,32.05,3.17,79,29,36.71,3.21,262,154,58.78,10.65,183,102,55.74,7.44,0,0,0,0,0,0,0,0,21,12,57.14,0.85,0,0,0,0,13,7,53.85,0.53,1818,1046,57.54,73.87,156,46,29.49,6.34,166,60,36.14,6.75,604,386,63.91,24.54,752,469,62.37,30.56,4,0,0,0.16,6,4,66.67,0.24,88,56,63.64,3.58,0,0,0,0,42,24,57.14,1.71, 
Hawaii,168,74,44.05,0,0,0,0,16,6,37.5,9.52,81,49,60.49,48.21,21,6,28.57,12.5,4,0,0,2.38,1,0,0,0.6,42,12,28.57,25,0,0,0,0,3,0,0,1.79,39,19,48.72,23.21,0,0,0,0,3,0,0,1.79,24,14,58.33,14.29,2,0,0,1.19,0,0,0,0,0,0,0,0,9,1,11.11,5.36,0,0,0,0,1,0,0,0.6,129,55,42.64,76.79,0,0,0,0,13,4,30.77,7.74,57,35,61.4,33.93,19,4,21.05,11.31,4,0,0,2.38,1,0,0,0.6,33,11,33.33,19.64,0,0,0,0,2,0,0,1.19, 
Idaho,189,132,69.84,1,0,0,0.53,11,9,81.82,5.82,28,22,78.57,14.81,130,87,66.92,68.78,0,0,0,0,0,0,0,0,11,8,72.73,5.82,0,0,0,0,8,6,75,4.23,48,36,75,25.4,0,0,0,0,2,0,0,1.06,13,11,84.62,6.88,26,17,65.38,13.76,0,0,0,0,0,0,0,0,3,0,0,1.59,0,0,0,0,4,0,0,2.12,141,96,68.09,74.6,1,0,0,0.53,9,7,77.78,4.76,15,11,73.33,7.94,104,70,67.31,55.03,0,0,0,0,0,0,0,0,8,5,62.5,4.23,0,0,0,0,4,0,0,2.12, 
Illinois,3773,2479,65.7,117,29,24.79,3.1,458,131,28.6,12.14,1244,918,73.79,32.97,1565,1108,70.8,41.48,1,0,0,0.03,9,9,100,0.24,157,120,76.43,4.16,0,0,0,0,222,163,73.42,5.88,918,585,63.73,24.33,37,10,27.03,0.98,124,24,19.35,3.29,368,279,75.82,9.75,298,211,70.81,7.9,0,0,0,0,1,0,0,0.03,35,23,65.71,0.93,0,0,0,0,55,37,67.27,1.46,2850,1893,66.42,75.54,80,19,23.75,2.12,333,107,32.13,8.83,876,639,72.95,23.22,1265,897,70.91,33.53,1,0,0,0.03,8,8,100,0.21,122,97,79.51,3.23,0,0,0,0,165,125,75.76,4.37, 
Indiana,888,467,52.59,44,6,13.64,4.95,71,26,36.62,8,158,102,64.56,17.79,548,295,53.83,61.71,0,0,0,0,6,3,50,0.68,35,17,48.57,3.94,0,0,0,0,26,18,69.23,2.93,171,88,51.46,19.26,8,1,12.5,0.9,15,6,40,1.69,36,24,66.67,4.05,99,51,51.52,11.15,0,0,0,0,1,0,0,0.11,10,4,40,1.13,0,0,0,0,2,0,0,0.23,713,378,53.02,80.29,36,5,13.89,4.05,56,20,35.71,6.31,122,78,63.93,13.74,445,243,54.61,50.11,0,0,0,0,5,3,60,0.56,25,13,52,2.82,0,0,0,0,24,16,66.67,2.7, 
Iowa,247,182,73.68,14,8,57.14,5.67,8,7,87.5,3.24,50,38,76,20.24,160,121,75.62,64.78,0,0,0,0,1,0,0,0.4,8,4,50,3.24,0,0,0,0,6,3,50,2.43,59,48,81.36,23.89,1,0,0,0.4,2,0,0,0.81,21,18,85.71,8.5,32,25,78.12,12.96,0,0,0,0,0,0,0,0,1,0,0,0.4,0,0,0,0,2,0,0,0.81,187,133,71.12,75.71,13,8,61.54,5.26,6,5,83.33,2.43,29,20,68.97,11.74,127,95,74.8,51.42,0,0,0,0,1,0,0,0.4,7,3,42.86,2.83,0,0,0,0,4,0,0,1.62, 
Kansas,104,73,70.19,3,0,0,2.88,13,3,23.08,12.5,24,19,79.17,23.08,54,43,79.63,51.92,0,0,0,0,1,0,0,0.96,7,5,71.43,6.73,0,0,0,0,2,0,0,1.92,10,8,80,9.62,0,0,0,0,2,0,0,1.92,3,0,0,2.88,4,0,0,3.85,0,0,0,0,0,0,0,0,0,0,0,0,0,0,0,0,1,0,0,0.96,93,64,68.82,89.42,3,0,0,2.88,11,2,18.18,10.58,21,17,80.95,20.19,49,38,77.55,47.12,0,0,0,0,1,0,0,0.96,7,5,71.43,6.73,0,0,0,0,1,0,0,0.96, 
Kentucky,430,224,52.09,8,3,37.5,1.86,22,8,36.36,5.12,73,47,64.38,16.98,289,145,50.17,67.21,0,0,0,0,0,0,0,0,21,13,61.9,4.88,0,0,0,0,17,8,47.06,3.95,101,60,59.41,23.49,1,0,0,0.23,3,0,0,0.7,21,14,66.67,4.88,67,37,55.22,15.58,0,0,0,0,0,0,0,0,5,4,80,1.16,0,0,0,0,4,0,0,0.93,326,161,49.39,75.81,7,3,42.86,1.63,18,4,22.22,4.19,52,33,63.46,12.09,220,106,48.18,51.16,0,0,0,0,0,0,0,0,16,9,56.25,3.72,0,0,0,0,13,6,46.15,3.02, 
Louisiana,291,103,35.4,50,4,8,17.18,23,4,17.39,7.9,38,28,73.68,13.06,155,63,40.65,53.26,1,0,0,0.34,0,0,0,0,17,4,23.53,5.84,0,0,0,0,7,0,0,2.41,71,16,22.54,24.4,15,1,6.67,5.15,7,1,14.29,2.41,9,4,44.44,3.09,31,10,32.26,10.65,0,0,0,0,0,0,0,0,6,0,0,2.06,0,0,0,0,3,0,0,1.03,218,87,39.91,74.91,35,3,8.57,12.03,16,3,18.75,5.5,29,24,82.76,9.97,122,53,43.44,41.92,1,0,0,0.34,0,0,0,0,11,4,36.36,3.78,0,0,0,0,4,0,0,1.37, 
Maine,94,57,60.64,2,0,0,2.13,5,4,80,5.32,22,14,63.64,23.4,57,35,61.4,60.64,0,0,0,0,0,0,0,0,0,0,0,0,0,0,0,0,8,4,50,8.51,24,13,54.17,25.53,1,0,0,1.06,1,0,0,1.06,6,4,66.67,6.38,15,8,53.33,15.96,0,0,0,0,0,0,0,0,0,0,0,0,0,0,0,0,1,0,0,1.06,70,44,62.86,74.47,1,0,0,1.06,4,0,0,4.26,16,10,62.5,17.02,42,27,64.29,44.68,0,0,0,0,0,0,0,0,0,0,0,0,0,0,0,0,7,4,57.14,7.45, 
Maryland,2204,1386,62.89,262,84,32.06,11.89,156,73,46.79,7.08,689,513,74.46,31.26,869,557,64.1,39.43,1,0,0,0.05,7,3,42.86,0.32,131,84,64.12,5.94,0,0,0,0,89,72,80.9,4.04,589,377,64.01,26.72,65,21,32.31,2.95,34,13,38.24,1.54,244,178,72.95,11.07,186,112,60.22,8.44,0,0,0,0,1,0,0,0.05,27,23,85.19,1.23,0,0,0,0,32,29,90.62,1.45,1609,1004,62.4,73,196,62,31.63,8.89,122,60,49.18,5.54,445,335,75.28,20.19,681,443,65.05,30.9,1,0,0,0.05,6,2,33.33,0.27,104,61,58.65,4.72,0,0,0,0,54,41,75.93,2.45, 
Massachusetts,2484,1694,68.2,105,33,31.43,4.23,154,69,44.81,6.2,722,551,76.32,29.07,1262,866,68.62,50.81,3,0,0,0.12,10,2,20,0.4,116,84,72.41,4.67,0,0,0,0,112,86,76.79,4.51,639,434,67.92,25.72,29,4,13.79,1.17,32,11,34.38,1.29,225,172,76.44,9.06,298,207,69.46,12,2,0,0,0.08,2,0,0,0.08,22,16,72.73,0.89,0,0,0,0,29,22,75.86,1.17,1831,1252,68.38,73.71,74,28,37.84,2.98,120,57,47.5,4.83,496,379,76.41,19.97,955,653,68.38,38.45,1,0,0,0.04,8,2,25,0.32,94,68,72.34,3.78,0,0,0,0,83,64,77.11,3.34, 
Michigan,1442,989,68.59,33,9,27.27,2.29,64,32,50,4.44,455,336,73.85,31.55,800,558,69.75,55.48,1,0,0,0.07,5,2,40,0.35,44,27,61.36,3.05,0,0,0,0,40,25,62.5,2.77,350,240,68.57,24.27,11,2,18.18,0.76,18,7,38.89,1.25,148,108,72.97,10.26,152,107,70.39,10.54,0,0,0,0,1,0,0,0.07,12,9,75,0.83,0,0,0,0,8,7,87.5,0.55,1090,748,68.62,75.59,22,7,31.82,1.53,45,24,53.33,3.12,307,228,74.27,21.29,647,451,69.71,44.87,1,0,0,0.07,4,0,0,0.28,32,18,56.25,2.22,0,0,0,0,32,18,56.25,2.22, 
Minnesota,781,513,65.69,24,5,20.83,3.07,35,16,45.71,4.48,206,146,70.87,26.38,448,298,66.52,57.36,0,0,0,0,3,0,0,0.38,37,26,70.27,4.74,0,0,0,0,28,20,71.43,3.59,168,112,66.67,21.51,4,0,0,0.51,8,3,37.5,1.02,62,41,66.13,7.94,80,59,73.75,10.24,0,0,0,0,0,0,0,0,11,6,54.55,1.41,0,0,0,0,3,0,0,0.38,609,398,65.35,77.98,20,5,25,2.56,27,13,48.15,3.46,144,105,72.92,18.44,364,236,64.84,46.61,0,0,0,0,3,0,0,0.38,26,20,76.92,3.33,0,0,0,0,25,17,68,3.2, 
Mississippi,29,17,58.62,2,0,0,6.9,2,0,0,6.9,4,0,0,13.79,18,11,61.11,62.07,0,0,0,0,0,0,0,0,2,0,0,6.9,0,0,0,0,1,0,0,3.45,10,5,50,34.48,0,0,0,0,1,0,0,3.45,1,0,0,3.45,7,5,71.43,24.14,0,0,0,0,0,0,0,0,1,0,0,3.45,0,0,0,0,0,0,0,0,19,12,63.16,65.52,2,0,0,6.9,1,0,0,3.45,3,0,0,10.34,11,6,54.55,37.93,0,0,0,0,0,0,0,0,1,0,0,3.45,0,0,0,0,1,0,0,3.45, 
Missouri,631,421,66.72,23,9,39.13,3.65,31,17,54.84,4.91,136,104,76.47,21.55,392,262,66.84,62.12,1,0,0,0.16,7,4,57.14,1.11,32,20,62.5,5.07,0,0,0,0,9,5,55.56,1.43,123,80,65.04,19.49,6,2,33.33,0.95,5,0,0,0.79,43,35,81.4,6.81,60,38,63.33,9.51,1,0,0,0.16,2,0,0,0.32,5,3,60,0.79,0,0,0,0,1,0,0,0.16,506,341,67.39,80.19,17,7,41.18,2.69,26,17,65.38,4.12,93,69,74.19,14.74,330,224,67.88,52.3,0,0,0,0,5,3,60,0.79,27,17,62.96,4.28,0,0,0,0,8,4,50,1.27, 
Montana,17,14,82.35,0,0,0,0,0,0,0,0,1,0,0,5.88,15,13,86.67,88.24,0,0,0,0,0,0,0,0,1,0,0,5.88,0,0,0,0,0,0,0,0,5,4,80,29.41,0,0,0,0,0,0,0,0,0,0,0,0,4,0,0,23.53,0,0,0,0,0,0,0,0,1,0,0,5.88,0,0,0,0,0,0,0,0,12,10,83.33,70.59,0,0,0,0,0,0,0,0,1,0,0,5.88,11,10,90.91,64.71,0,0,0,0,0,0,0,0,0,0,0,0,0,0,0,0,0,0,0,0, 
Nebraska,183,122,66.67,10,3,30,5.46,12,5,41.67,6.56,17,12,70.59,9.29,135,98,72.59,73.77,0,0,0,0,1,0,0,0.55,6,2,33.33,3.28,0,0,0,0,2,0,0,1.09,32,16,50,17.49,3,0,0,1.64,4,0,0,2.19,6,3,50,3.28,15,9,60,8.2,0,0,0,0,0,0,0,0,3,0,0,1.64,0,0,0,0,1,0,0,0.55,150,105,70,81.97,7,2,28.57,3.83,7,2,28.57,3.83,11,9,81.82,6.01,120,89,74.17,65.57,0,0,0,0,1,0,0,0.55,3,0,0,1.64,0,0,0,0,1,0,0,0.55, 
Nevada,302,179,59.27,10,3,30,3.31,56,32,57.14,18.54,81,52,64.2,26.82,118,71,60.17,39.07,1,0,0,0.33,4,0,0,1.32,24,10,41.67,7.95,0,0,0,0,8,6,75,2.65,55,35,63.64,18.21,3,0,0,0.99,13,6,46.15,4.3,14,10,71.43,4.64,19,14,73.68,6.29,0,0,0,0,0,0,0,0,4,0,0,1.32,0,0,0,0,2,0,0,0.66,244,144,59.02,80.79,7,2,28.57,2.32,43,26,60.47,14.24,66,42,63.64,21.85,97,57,58.76,32.12,1,0,0,0.33,4,0,0,1.32,20,8,40,6.62,0,0,0,0,6,4,66.67,1.99, 
New-Hampshire,228,163,71.49,1,0,0,0.44,5,4,80,2.19,75,60,80,32.89,122,78,63.93,53.51,1,0,0,0.44,1,0,0,0.44,6,3,50,2.63,0,0,0,0,17,16,94.12,7.46,58,46,79.31,25.44,0,0,0,0,1,0,0,0.44,30,26,86.67,13.16,18,12,66.67,7.89,0,0,0,0,0,0,0,0,3,0,0,1.32,0,0,0,0,6,6,100,2.63,168,115,68.45,73.68,1,0,0,0.44,4,0,0,1.75,44,33,75,19.3,103,65,63.11,45.18,1,0,0,0.44,1,0,0,0.44,3,0,0,1.32,0,0,0,0,11,10,90.91,4.82, 
New-Jersey,4492,3072,68.39,181,48,26.52,4.03,462,203,43.94,10.28,1981,1533,77.39,44.1,1455,989,67.97,32.39,2,0,0,0.04,24,8,33.33,0.53,180,128,71.11,4.01,0,0,0,0,207,162,78.26,4.61,1242,825,66.43,27.65,56,18,32.14,1.25,127,44,34.65,2.83,616,455,73.86,13.71,328,230,70.12,7.3,0,0,0,0,4,0,0,0.09,49,30,61.22,1.09,0,0,0,0,62,48,77.42,1.38,3246,2243,69.1,72.26,125,30,24,2.78,335,159,47.46,7.46,1364,1077,78.96,30.37,1125,757,67.29,25.04,2,0,0,0.04,20,8,40,0.45,130,97,74.62,2.89,0,0,0,0,145,114,78.62,3.23, 
New-Mexico,84,46,54.76,1,0,0,1.19,28,13,46.43,33.33,15,11,73.33,17.86,26,16,61.54,30.95,0,0,0,0,2,0,0,2.38,2,0,0,2.38,0,0,0,0,10,5,50,11.9,16,10,62.5,19.05,1,0,0,1.19,4,0,0,4.76,4,0,0,4.76,5,4,80,5.95,0,0,0,0,0,0,0,0,0,0,0,0,0,0,0,0,2,0,0,2.38,68,36,52.94,80.95,0,0,0,0,24,11,45.83,28.57,11,8,72.73,13.1,21,12,57.14,25,0,0,0,0,2,0,0,2.38,2,0,0,2.38,0,0,0,0,8,4,50,9.52, 
New-York,4681,3044,65.03,278,63,22.66,5.94,551,224,40.65,11.77,1640,1217,74.21,35.04,1739,1195,68.72,37.15,3,0,0,0.06,27,14,51.85,0.58,182,129,70.88,3.89,0,0,0,0,261,200,76.63,5.58,1209,734,60.71,25.83,112,23,20.54,2.39,140,43,30.71,2.99,463,334,72.14,9.89,359,234,65.18,7.67,0,0,0,0,6,4,66.67,0.13,56,36,64.29,1.2,0,0,0,0,73,60,82.19,1.56,3463,2307,66.62,73.98,163,40,24.54,3.48,411,181,44.04,8.78,1177,883,75.02,25.14,1376,958,69.62,29.4,3,0,0,0.06,21,10,47.62,0.45,125,93,74.4,2.67,0,0,0,0,187,140,74.87,3.99, 
North-Carolina,1631,849,52.05,142,22,15.49,8.71,128,34,26.56,7.85,422,294,69.67,25.87,808,423,52.35,49.54,0,0,0,0,6,3,50,0.37,79,38,48.1,4.84,0,0,0,0,46,35,76.09,2.82,381,191,50.13,23.36,43,6,13.95,2.64,27,8,29.63,1.66,123,75,60.98,7.54,162,84,51.85,9.93,0,0,0,0,0,0,0,0,20,15,75,1.23,0,0,0,0,6,3,50,0.37,1243,657,52.86,76.21,99,16,16.16,6.07,100,26,26,6.13,299,219,73.24,18.33,641,338,52.73,39.3,0,0,0,0,6,3,50,0.37,59,23,38.98,3.62,0,0,0,0,39,32,82.05,2.39, 
North-Dakota,52,39,75,0,0,0,0,4,0,0,7.69,1,0,0,1.92,40,32,80,76.92,0,0,0,0,4,0,0,7.69,2,0,0,3.85,0,0,0,0,1,0,0,1.92,6,4,66.67,11.54,0,0,0,0,0,0,0,0,0,0,0,0,4,0,0,7.69,0,0,0,0,1,0,0,1.92,0,0,0,0,0,0,0,0,1,0,0,1.92,45,34,75.56,86.54,0,0,0,0,4,0,0,7.69,1,0,0,1.92,35,28,80,67.31,0,0,0,0,3,0,0,5.77,2,0,0,3.85,0,0,0,0,0,0,0,0, 
Ohio,1426,1009,70.76,64,22,34.38,4.49,56,32,57.14,3.93,319,253,79.31,22.37,850,599,70.47,59.61,2,0,0,0.14,9,6,66.67,0.63,76,57,75,5.33,0,0,0,0,50,39,78,3.51,334,230,68.86,23.42,16,5,31.25,1.12,14,9,64.29,0.98,103,80,77.67,7.22,166,109,65.66,11.64,1,0,0,0.07,1,0,0,0.07,18,14,77.78,1.26,0,0,0,0,15,11,73.33,1.05,1087,777,71.48,76.23,46,16,34.78,3.23,42,23,54.76,2.95,216,173,80.09,15.15,683,490,71.74,47.9,1,0,0,0.07,7,5,71.43,0.49,58,43,74.14,4.07,0,0,0,0,34,27,79.41,2.38, 
Oklahoma,148,89,60.14,6,4,66.67,4.05,19,8,42.11,12.84,33,20,60.61,22.3,66,41,62.12,44.59,0,0,0,0,5,3,60,3.38,13,10,76.92,8.78,0,0,0,0,6,3,50,4.05,34,13,38.24,22.97,4,0,0,2.7,3,0,0,2.03,8,3,37.5,5.41,12,3,25,8.11,0,0,0,0,1,0,0,0.68,2,0,0,1.35,0,0,0,0,4,0,0,2.7,113,75,66.37,76.35,2,0,0,1.35,16,7,43.75,10.81,25,17,68,16.89,53,37,69.81,35.81,0,0,0,0,4,0,0,2.7,11,10,90.91,7.43,0,0,0,0,2,0,0,1.35, 
Oregon,330,237,71.82,0,0,0,0,24,9,37.5,7.27,81,64,79.01,24.55,175,126,72,53.03,0,0,0,0,1,0,0,0.3,26,17,65.38,7.88,0,0,0,0,23,20,86.96,6.97,65,48,73.85,19.7,0,0,0,0,7,1,14.29,2.12,22,19,86.36,6.67,23,18,78.26,6.97,0,0,0,0,1,0,0,0.3,6,4,66.67,1.82,0,0,0,0,6,5,83.33,1.82,264,188,71.21,80,0,0,0,0,17,8,47.06,5.15,59,45,76.27,17.88,151,107,70.86,45.76,0,0,0,0,0,0,0,0,20,13,65,6.06,0,0,0,0,17,15,88.24,5.15, 
Pennsylvania,2230,1521,68.21,81,28,34.57,3.63,106,61,57.55,4.75,574,401,69.86,25.74,1241,873,70.35,55.65,2,0,0,0.09,15,10,66.67,0.67,103,60,58.25,4.62,0,0,0,0,108,88,81.48,4.84,473,310,65.54,21.21,19,4,21.05,0.85,16,3,18.75,0.72,156,106,67.95,7,235,158,67.23,10.54,1,0,0,0.04,0,0,0,0,24,21,87.5,1.08,0,0,0,0,22,18,81.82,0.99,1753,1207,68.85,78.61,62,24,38.71,2.78,90,58,64.44,4.04,418,295,70.57,18.74,1003,712,70.99,44.98,1,0,0,0.04,15,10,66.67,0.67,79,39,49.37,3.54,0,0,0,0,85,69,81.18,3.81, 
Rhode-Island,225,89,39.56,11,0,0,4.89,23,3,13.04,10.22,27,17,62.96,12,138,60,43.48,61.33,0,0,0,0,0,0,0,0,16,3,18.75,7.11,0,0,0,0,10,6,60,4.44,66,21,31.82,29.33,5,0,0,2.22,10,2,20,4.44,10,5,50,4.44,35,13,37.14,15.56,0,0,0,0,0,0,0,0,4,0,0,1.78,0,0,0,0,2,0,0,0.89,159,68,42.77,70.67,6,0,0,2.67,13,1,7.69,5.78,17,12,70.59,7.56,103,47,45.63,45.78,0,0,0,0,0,0,0,0,12,3,25,5.33,0,0,0,0,8,5,62.5,3.56, 
South-Carolina,432,262,60.65,30,10,33.33,6.94,32,12,37.5,7.41,57,42,73.68,13.19,271,173,63.84,62.73,0,0,0,0,3,0,0,0.69,25,16,64,5.79,0,0,0,0,14,7,50,3.24,94,60,63.83,21.76,7,2,28.57,1.62,7,3,42.86,1.62,17,12,70.59,3.94,51,39,76.47,11.81,0,0,0,0,0,0,0,0,7,2,28.57,1.62,0,0,0,0,5,2,40,1.16,335,200,59.7,77.55,22,8,36.36,5.09,24,8,33.33,5.56,40,30,75,9.26,219,133,60.73,50.69,0,0,0,0,3,0,0,0.69,18,14,77.78,4.17,0,0,0,0,9,5,55.56,2.08, 
South-Dakota,10,4,40,2,0,0,20,0,0,0,0,3,0,0,30,3,0,0,30,0,0,0,0,0,0,0,0,1,0,0,10,0,0,0,0,1,0,0,10,1,0,0,10,1,0,0,10,0,0,0,0,0,0,0,0,0,0,0,0,0,0,0,0,0,0,0,0,0,0,0,0,0,0,0,0,0,0,0,0,9,4,44.44,90,1,0,0,10,0,0,0,0,3,0,0,30,3,0,0,30,0,0,0,0,0,0,0,0,1,0,0,10,0,0,0,0,1,0,0,10, 
Tennessee,402,231,57.46,23,3,13.04,5.72,25,12,48,6.22,79,45,56.96,19.65,248,159,64.11,61.69,0,0,0,0,3,0,0,0.75,14,5,35.71,3.48,0,0,0,0,10,5,50,2.49,122,67,54.92,30.35,9,2,22.22,2.24,6,3,50,1.49,28,14,50,6.97,73,45,61.64,18.16,0,0,0,0,1,0,0,0.25,4,0,0,1,0,0,0,0,1,0,0,0.25,277,163,58.84,68.91,14,1,7.14,3.48,19,9,47.37,4.73,50,31,62,12.44,173,113,65.32,43.03,0,0,0,0,2,0,0,0.5,10,3,30,2.49,0,0,0,0,9,5,55.56,2.24, 
Texas,7190,4300,59.81,286,100,34.97,3.98,1431,497,34.73,19.9,2741,1976,72.09,38.12,2183,1393,63.81,30.36,5,4,80,0.07,53,27,50.94,0.74,279,172,61.65,3.88,0,0,0,0,212,131,61.79,2.95,1822,1091,59.88,25.34,78,28,35.9,1.08,343,94,27.41,4.77,862,644,74.71,11.99,400,243,60.75,5.56,2,0,0,0.03,10,4,40,0.14,68,45,66.18,0.95,0,0,0,0,59,31,52.54,0.82,5352,3200,59.79,74.44,208,72,34.62,2.89,1086,403,37.11,15.1,1877,1330,70.86,26.11,1774,1145,64.54,24.67,3,0,0,0.04,43,23,53.49,0.6,210,127,60.48,2.92,0,0,0,0,151,98,64.9,2.1, 
Utah,188,142,75.53,0,0,0,0,13,8,61.54,6.91,26,22,84.62,13.83,131,100,76.34,69.68,0,0,0,0,0,0,0,0,11,8,72.73,5.85,0,0,0,0,7,4,57.14,3.72,32,24,75,17.02,0,0,0,0,2,0,0,1.06,8,6,75,4.26,21,16,76.19,11.17,0,0,0,0,0,0,0,0,0,0,0,0,0,0,0,0,1,0,0,0.53,155,117,75.48,82.45,0,0,0,0,11,7,63.64,5.85,18,16,88.89,9.57,109,83,76.15,57.98,0,0,0,0,0,0,0,0,11,8,72.73,5.85,0,0,0,0,6,3,50,3.19, 
Vermont,76,47,61.84,0,0,0,0,0,0,0,0,6,3,50,7.89,57,35,61.4,75,0,0,0,0,0,0,0,0,9,6,66.67,11.84,0,0,0,0,4,0,0,5.26,15,11,73.33,19.74,0,0,0,0,0,0,0,0,1,0,0,1.32,11,7,63.64,14.47,0,0,0,0,0,0,0,0,2,0,0,2.63,0,0,0,0,1,0,0,1.32,60,36,60,78.95,0,0,0,0,0,0,0,0,5,2,40,6.58,45,28,62.22,59.21,0,0,0,0,0,0,0,0,7,4,57.14,9.21,0,0,0,0,3,0,0,3.95, 
Virginia,3577,2342,65.47,203,63,31.03,5.68,299,157,52.51,8.36,1424,1042,73.17,39.81,1254,817,65.15,35.06,5,2,40,0.14,16,10,62.5,0.45,209,126,60.29,5.84,0,0,0,0,167,125,74.85,4.67,959,630,65.69,26.81,62,17,27.42,1.73,60,29,48.33,1.68,470,339,72.13,13.14,255,160,62.75,7.13,1,0,0,0.03,3,0,0,0.08,51,35,68.63,1.43,0,0,0,0,57,48,84.21,1.59,2613,1708,65.37,73.05,141,46,32.62,3.94,238,127,53.36,6.65,954,703,73.69,26.67,998,656,65.73,27.9,3,0,0,0.08,13,9,69.23,0.36,157,90,57.32,4.39,0,0,0,0,109,76,69.72,3.05, 
Washington,2305,1591,69.02,30,13,43.33,1.3,117,55,47.01,5.08,1002,758,75.65,43.47,865,557,64.39,37.53,3,0,0,0.13,15,7,46.67,0.65,147,104,70.75,6.38,0,0,0,0,126,95,75.4,5.47,702,498,70.94,30.46,11,4,36.36,0.48,32,13,40.62,1.39,362,280,77.35,15.7,202,135,66.83,8.76,0,0,0,0,7,3,42.86,0.3,45,32,71.11,1.95,0,0,0,0,43,31,72.09,1.87,1601,1091,68.14,69.46,19,9,47.37,0.82,85,42,49.41,3.69,640,478,74.69,27.77,662,421,63.6,28.72,3,0,0,0.13,8,4,50,0.35,101,71,70.3,4.38,0,0,0,0,83,64,77.11,3.6, 
West-Virginia,119,59,49.58,0,0,0,0,8,2,25,6.72,17,14,82.35,14.29,88,41,46.59,73.95,0,0,0,0,0,0,0,0,0,0,0,0,0,0,0,0,6,2,33.33,5.04,31,13,41.94,26.05,0,0,0,0,0,0,0,0,5,3,60,4.2,25,10,40,21.01,0,0,0,0,0,0,0,0,0,0,0,0,0,0,0,0,1,0,0,0.84,88,46,52.27,73.95,0,0,0,0,8,2,25,6.72,12,11,91.67,10.08,63,31,49.21,52.94,0,0,0,0,0,0,0,0,0,0,0,0,0,0,0,0,5,2,40,4.2, 
Wisconsin,775,543,70.06,6,3,50,0.77,28,18,64.29,3.61,118,88,74.58,15.23,558,392,70.25,72,0,0,0,0,8,1,12.5,1.03,29,23,79.31,3.74,0,0,0,0,28,18,64.29,3.61,134,91,67.91,17.29,2,0,0,0.26,9,3,33.33,1.16,26,18,69.23,3.35,79,56,70.89,10.19,0,0,0,0,3,0,0,0.39,8,8,100,1.03,0,0,0,0,7,6,85.71,0.9,641,452,70.51,82.71,4,0,0,0.52,19,15,78.95,2.45,92,70,76.09,11.87,479,336,70.15,61.81,0,0,0,0,5,1,20,0.65,21,15,71.43,2.71,0,0,0,0,21,12,57.14,2.71, 
Wyoming,26,22,84.62,0,0,0,0,1,0,0,3.85,1,0,0,3.85,20,17,85,76.92,0,0,0,0,0,0,0,0,1,0,0,3.85,0,0,0,0,3,0,0,11.54,5,4,80,19.23,0,0,0,0,0,0,0,0,0,0,0,0,5,4,80,19.23,0,0,0,0,0,0,0,0,0,0,0,0,0,0,0,0,0,0,0,0,21,18,85.71,80.77,0,0,0,0,1,0,0,3.85,1,0,0,3.85,15,13,86.67,57.69,0,0,0,0,0,0,0,0,1,0,0,3.85,0,0,0,0,3,0,0,11.54, 