row,StateAbbv,StateName,P1_StatePlan,P2_Standards,P3_Funding,P4_Certification,P5_PreserviceIncentives,P6_StateCSposition,P7_RequireHStoOffer,P8_CountGradReq,P9_HigherEdAdmission,PctReportedFCS,YearOfLast,NumOfHS,NumHSWithCS,PctHSwFCS,TotalStudents,NumStudentsinHSwCS,PctStudentsHSwCS,Total_Black,Total_HLLL,Total_Native,Total_HPI,Total_White,Total_Asian,Total_TwoPlus,InCSHS_Black,InCSHS_HLLL,InCSHS_Native,InCSHS_HPI,InCSHS_White,InCSHS_Asian,InCSHS_TwoPlus,InFCS_Male,InFCS_Female,InFCS_Other,InFCS_Black,InFCS_HLLL,InFCS_Native,InFCS_HPI,InFCS_White,InFCS_Asian,InFCS_TwoPlus,InFCS_Total,AP_Male,AP_Female,AP_Gender,AP_Black,AP_HLLL,AP_Native,AP_HPI,AP_Asian,AP_White,AP_TwoPlus,AP_Total,Unnamed_55,Unnamed_56,BP1_StatePlan,BP2_Standards,BP3_Funding,BP4_Certification,BP5_PreserviceIncentives,BP6_StateCSposition,BP7_RequireHStoOffer,BP8_CountGradReq,BP9_HigherEdAdmission,NumPolicies,Pct_InFCS,Pct_InAP,Pct_InFCS_Female,Pct_InAP_Female,Pct_InFCS_Male,Pct_InAP_Male,Pct_Students_Black,Pct_HSwFCS_Black,Pct_InFCS_Black,Pct_InAP_Black,Pct_Students_HLLL,Pct_HSwFCS_HLLL,Pct_InFCS_HLLL,Pct_InAP_HLLL,Pct_Students_White,Pct_HSwFCS_White,Pct_InFCS_White,Pct_InAP_White,CP_StHSCS_HSCS_All,CP_StFCS_StHSCS_All,CP_StAP_StFCS_All,CP_StAP_StHSCS_All,CP_StFCS_StHSCS_FemaleEst,CP_StAP_StFCS_Female,CP_StAP_StHSCS_FemaleEst,CP_StFCS_StHSCS_MaleEst,CP_StAP_StFCS_Male,CP_StAP_StHSCS_MaleEst,CP_StHSCS_HSCS_Black,CP_StFCS_StHSCS_Black,CP_StAP_StFCS_Black,CP_StAP_StHSCS_Black,CP_StHSCS_HSCS_HLLL,CP_StFCS_StHSCS_HLLL,CP_StAP_StFCS_HLLL,CP_StAP_StHSCS_HLLL,CP_StHSCS_HSCS_White,CP_StFCS_StHSCS_White,CP_StAP_StFCS_White,CP_StAP_StHSCS_White,RS_FemaleMaleEst_CP_StFCS_StHSCS,RS_FemaleMale_CP_StAP_StFCS,RS_FemaleMaleEst_CP_StAP_StHSCS,RS_BlackWhite_CP_StHSCS_HSCS,RS_BlackWhite_CP_StFCS_StHSCS,RS_BlackWhite_CP_StAP_StFCS,RS_BlackWhite_CP_StAP_StHSCS,RS_HLLLWhite_CP_StHSCS_HSCS,RS_HLLLWhite_CP_StFCS_StHSCS,RS_HLLLWhite_CP_StAP_StFCS,RS_HLLLWhite_CP_StAP_StHSCS,ZScore_PctHSwFCS,ZScore_PctStudentsHSwCS,ZScore_Pct_InFCS,ZScore_Pct_InAP,ZScore_CP_StHSCS_HSCS_All,ZScore_CP_StFCS_StHSCS_All,ZScore_CP_StAP_StFCS_All,ZScore_CP_StAP_StHSCS_All,ZScore_Pct_InFCS_Female,ZScore_Pct_InAP_Female,ZScore_CP_StAP_StFCS_Female,ZScore_CP_StFCS_StHSCS_FemaleEst,ZScore_CP_StAP_StHSCS_FemaleEst,ZScore_Pct_InFCS_Male,ZScore_Pct_InAP_Male,ZScore_CP_StAP_StFCS_Male,ZScore_CP_StFCS_StHSCS_MaleEst,ZScore_CP_StAP_StHSCS_MaleEst,ZScore_Pct_Students_Black,ZScore_Pct_HSwFCS_Black,ZScore_Pct_InFCS_Black,ZScore_Pct_InAP_Black,ZScore_CP_StHSCS_HSCS_Black,ZScore_CP_StFCS_StHSCS_Black,ZScore_CP_StAP_StFCS_Black,ZScore_CP_StAP_StHSCS_Black,ZScore_Pct_Students_HLLL,ZScore_Pct_HSwFCS_HLLL,ZScore_Pct_InFCS_HLLL,ZScore_Pct_InAP_HLLL,ZScore_CP_StHSCS_HSCS_HLLL,ZScore_CP_StFCS_StHSCS_HLLL,ZScore_CP_StAP_StFCS_HLLL,ZScore_CP_StAP_StHSCS_HLLL,ZScore_Pct_Students_White,ZScore_Pct_HSwFCS_White,ZScore_Pct_InFCS_White,ZScore_Pct_InAP_White,ZScore_CP_StHSCS_HSCS_White,ZScore_CP_StFCS_StHSCS_White,ZScore_CP_StAP_StFCS_White,ZScore_CP_StAP_StHSCS_White,ZScore_RS_FemaleMaleEst_CP_StFCS_StHSCS,ZScore_RS_FemaleMale_CP_StAP_StFCS,ZScore_RS_FemaleMaleEst_CP_StAP_StHSCS,ZScore_RS_BlackWhite_CP_StHSCS_HSCS,ZScore_RS_BlackWhite_CP_StFCS_StHSCS,ZScore_RS_BlackWhite_CP_StAP_StFCS,ZScore_RS_BlackWhite_CP_StAP_StHSCS,ZScore_RS_HLLLWhite_CP_StHSCS_HSCS,ZScore_RS_HLLLWhite_CP_StFCS_StHSCS,ZScore_RS_HLLLWhite_CP_StAP_StFCS,ZScore_RS_HLLLWhite_CP_StAP_StHSCS
0,AK,Alaska,No,Yes,No,No,No,No,No,District Decision,No,0.42,21,296,124,0.418918919,61187,40767,0.666276386,1275,3378,19383,1355,27482,2752,5562,878,2435,9577,982,20710,2151,4034,,,,,,,,,,,,92,16,0,0,9,1,0,14,74,10,108,,,0,1,0,0,0,0,0,0,0,1,,0.001765081,,0.148148148,,0.851851852,0.02083776,0.021537027,,0,0.055207806,0.059729683,,0.083333333,0.449147695,0.508008929,,0.685185185,1.590466211,,,0.002649202,,,0.000800968,,,0.004424955,0.688627451,,,0,0.720840734,,,0.003696099,0.753584164,,,0.003573153,,,0.181011535,0.913802975,,,0,0.956549737,,,1.034408125,-0.872290291,-0.921188107,,-1.174847075,0.447673505,,,-1.12032826,,-2.139705304,,,-1.058192546,,2.193340548,,,-1.133429186,-0.895653218,-0.913594907,,-0.785471566,-0.681359736,,,-0.947007655,-0.896234478,-0.88435686,,-0.3362243,-0.563925552,,,-0.79575316,-0.626838636,-0.37153155,,0.668465995,-0.348203537,,,-0.727339023,,,-1.930513475,-0.468364307,,,-1.127146331,-0.419191128,,,0.443957308
1,AL,Alabama,In progress,Yes,Yes,Yes,Yes,Yes,Yes,Yes,Yes,0.81,21,407,332,0.815724816,262216,235770,0.899145492,76691,20210,3516,298,152935,3572,4994,68953,18876,3297,269,136342,3327,4707,7258,4524,,3492,873,305,21,6926,365,285,11782,1387,809,6,338,167,26,1,211,1345,115,2202,,,0,1,1,1,1,1,1,1,1,8,0.044932422,0.008397657,0.383975556,0.367393279,0.616024444,0.629881926,0.292472618,0.292458752,0.296384315,0.153496821,0.077073863,0.080061076,0.074096079,0.075840145,0.583240535,0.578283921,0.587845867,0.610808356,1.102265708,0.049972431,0.186895264,0.009339611,0.039159575,0.17882405,0.007002674,0.060361253,0.191099476,0.011535004,0.899101589,0.050643192,0.096792669,0.00490189,0.933993073,0.046249205,0.191294387,0.008847213,0.891502926,0.050798727,0.194195784,0.009864899,0.648753522,0.935764204,0.607080323,1.008523431,0.996938211,0.498428272,0.496902189,1.047661253,0.910440248,0.985059424,0.896837746,1.36474812,1.037448956,-0.129583813,-0.060317335,-0.985918998,-0.302768768,-0.146439004,-0.237814688,1.337804819,1.345268916,-0.323128129,0.04734065,0.009866397,-1.335451291,-1.353551309,-0.069402003,-0.61115859,-0.380634842,1.14884261,1.310511909,1.226484125,1.228088161,0.93105294,-0.119961507,-0.19529688,0.001120017,-0.734398068,-0.729949747,-0.789725106,-0.441912463,1.293092893,-0.190824708,0.188176593,0.298078229,0.076737123,0.005213287,0.263055846,0.194709832,0.842768665,-0.232981415,-0.206335044,-0.191758959,1.285156463,-0.681840647,1.472057359,0.130291028,0.195268013,-0.155564302,0.103060159,0.611283783,0.062598059,0.636000158,0.200166172
2,AR,Arkansas,Yes,Yes,Yes,Yes,Yes,Yes,Yes,Yes,Yes,0.92,21,306,283,0.924836601,159278,153710,0.965041995,30041,20161,991,1378,99638,2666,4005,28193,19556,972,1374,97018,2640,3957,7352,2948,,1997,1238,73,36,6233,441,282,10300,897,442,5,122,147,19,1,140,852,63,1344,,,1,1,1,1,1,1,1,1,1,9,0.064666809,0.008438077,0.286213592,0.328869048,0.713786408,0.667410714,0.188607341,0.183416824,0.193883495,0.09077381,0.126577431,0.127226596,0.120194175,0.109375,0.625560341,0.63117559,0.605145631,0.633928571,1.04347297,0.067009303,0.130485437,0.008743738,0.039140762,0.149932157,0.005868459,0.09378496,0.122007617,0.01144248,0.938484072,0.070833186,0.061091637,0.004327315,0.969991568,0.063305379,0.118739903,0.007516875,0.973704811,0.06424581,0.136691802,0.008781876,0.417345828,1.228875386,0.512866016,0.963828114,1.102533931,0.446929784,0.492755252,0.996186479,0.985361993,0.868668798,0.855953218,1.979878227,1.591697372,0.455863141,-0.053525221,-1.158562877,0.21452942,-0.596910895,-0.316414591,0.037840782,0.732913457,-0.525721473,0.046775151,-0.185468312,-0.033607276,-0.753872976,-0.643282157,0.35997037,-0.390431081,0.367086809,0.415342294,0.42995917,0.405292424,1.232756579,0.358808405,-0.406834513,-0.110014652,-0.368009212,-0.371750406,-0.403049482,0.0310821,1.60671774,0.283332975,-0.371741958,0.015582816,0.29878619,0.288765983,0.359485942,0.34197807,1.552607987,0.121047152,-0.617284992,-0.283950473,-0.071003839,0.538999397,0.71966511,-0.152193782,0.457062741,-0.214085267,0.092793372,0.02910202,0.362613647,0.30192185,0.127713906
3,AZ,Arizona,No,Yes,Yes,Yes,No,In Progress,No,District Decision,No,0.38,20,867,333,0.384083045,407289,321193,0.788611084,21091,177979,19272,1301,158381,13992,15273,17259,139482,10465,1000,128653,12148,12186,9511,2462,,641,4420,191,0,5078,836,691,11973,1308,480,0,55,410,17,2,418,775,112,1788,,,0,1,1,1,0,0,0,0,0,3,0.029396817,0.004390003,0.205629333,0.268456376,0.794370667,0.731543624,0.051783868,0.053734048,0.053537125,0.030760626,0.436984549,0.434262266,0.369163952,0.229306488,0.388866382,0.400547334,0.424120939,0.43344519,2.05323066,0.037276653,0.149336006,0.005566746,0.015643211,0.194963444,0.003049854,0.058061725,0.137524971,0.007984937,0.818311128,0.037140043,0.085803432,0.003186743,0.7836992,0.031688677,0.092760181,0.002939447,0.812300718,0.039470514,0.152619141,0.006023956,0.269423804,1.417658501,0.381950946,1.007399243,0.940956663,0.56220623,0.529011698,0.964789496,0.802844293,0.607788644,0.487959644,-1.068681495,0.107755911,-0.590468311,-0.733758426,1.806573464,-0.688256353,-0.446375927,-0.735482886,-1.033707245,-0.22736604,-0.209956795,-0.659528455,-0.67088893,1.0394904,0.270916731,-0.514394302,-0.677971585,-0.756507132,-0.662733221,-0.64927645,-0.660660263,-0.381955988,0.312128614,-0.440164745,-0.260410885,-0.330625086,1.929395079,1.960037242,1.685334907,1.722663655,-0.016292192,-0.595604026,-0.572233058,-0.956426886,-0.943130469,-0.947634082,-0.649558341,-0.935035731,0.158832506,-0.531225348,-0.503460885,-0.518716289,-0.937897998,1.325301664,-0.325818185,0.123185897,0.056477597,-0.083089403,0.182555334,-0.32599912,-0.368257675,-0.446887596,-0.524414643
4,CA,California,Yes,Yes,Yes,Yes,No,No,No,District Decision,Yes,0.41,19,2633,1069,0.40600076,2013095,1514876,0.752511115,110434,1087392,11040,9415,472884,233844,87939,77801,777485,6369,7232,370694,206695,68601,,,,,,,,,,,,21923,10312,28,655,7814,116,74,13744,7914,1945,32263,,,1,1,1,1,0,0,0,0,1,5,,0.016026566,,0.319623098,,0.679509035,0.054857818,0.051357999,,0.020301894,0.540159307,0.513233426,,0.242196944,0.234903966,0.244702537,,0.24529647,1.853472183,,,0.021297453,,,0.013892159,,,0.028376101,0.704502237,,,0.008418915,0.714999743,,,0.010050355,0.783900491,,,0.021349145,,,0.489572502,0.89871386,,,0.394344358,0.912105236,,,0.470761457,-0.945117882,-0.195877055,,1.221634964,1.219986083,,,1.339511574,,0.58594601,,,1.196374788,,-0.560552032,,,1.402458901,-0.639596729,-0.668782403,,-0.519152854,-0.559745243,,,0.681386027,2.693018455,2.55978507,,1.904477942,-0.614813238,,,0.553563447,-1.750960506,-1.783119384,,-2.133481763,-0.086412446,,,0.785828821,,,0.5336439,-0.563731025,,,-0.150847577,-0.921860227,,,-0.554891884
5,CO,Colorado,No,No,Yes,No,No,Yes,No,District Decision,Yes,0.42,21,533,226,0.424015009,323033,213554,0.6610918,14139,108425,2182,870,173362,11236,12819,9960,62962,1331,606,120764,8915,9017,,,,,,,,,,,,1979,718,3,64,395,8,2,379,1732,122,2700,,,0,0,1,0,0,1,0,0,1,3,,0.008358279,,0.265925926,,0.732962963,0.043769522,0.046639258,,0.023703704,0.335646822,0.294829411,,0.146296296,0.536669628,0.565496315,,0.641481481,1.559123583,,,0.012643172,,,0.006861525,,,0.018170543,0.704434543,,,0.006425703,0.580696334,,,0.006273625,0.696600178,,,0.014342022,,,0.377618051,1.011246573,,,0.448033242,0.833614967,,,0.437429615,-0.843560503,-0.964795104,,-0.066934316,0.355636407,,,0.19794909,,-0.267588382,,,-0.014442271,,0.293596566,,,0.321919652,-0.723054264,-0.707520474,,-0.474528168,-0.560263837,,,0.295857246,1.179368053,0.90111204,,0.551840952,-1.784886758,,,-0.24841927,-0.167617168,-0.063341179,,0.390087645,-0.840278313,,,0.189352818,,,-0.360420535,0.147501924,,,-0.017927227,-1.809588326,,,-0.613959888
6,CT,Connecticut,Yes,Yes,No,Yes,Yes,Yes,Yes,No,No,0.82,20,209,171,0.818181818,169150,150360,0.888917291,24691,41722,434,198,88976,8129,5000,19301,34371,367,154,83762,7891,4515,6772,2188,,941,1733,12,9,4867,1101,297,8960,2485,960,3,144,339,10,2,792,1991,169,3448,,,1,1,0,1,1,1,1,0,0,6,0.052970736,0.020384274,0.244196429,0.278422274,0.755803571,0.720707657,0.145971032,0.128365257,0.105022321,0.041763341,0.246656813,0.228591381,0.193415179,0.098317865,0.526018327,0.55707635,0.543191964,0.577436195,1.086454467,0.059590317,0.384821429,0.022931631,0.029697434,0.438756856,0.013029953,0.08831093,0.366952156,0.032405886,0.781701835,0.048753951,0.153028693,0.007460753,0.82380998,0.050420413,0.195614541,0.009862966,0.941399928,0.058105107,0.40908157,0.023769729,0.336282652,1.195678642,0.402085985,0.830361052,0.839064805,0.374078678,0.313876253,0.875090337,0.867744935,0.478179795,0.414938095,1.378599748,0.951420655,0.10888351,1.953898777,-1.03234844,-0.010736594,1.434139741,1.55507153,-0.520871416,-0.06895478,1.499551264,-0.237078125,1.047885475,0.52591292,0.097767126,1.39123842,0.20092189,1.829122565,0.046178968,-0.03659845,-0.260573281,-0.237623206,0.031669984,-0.164761512,0.137915771,0.496057597,0.520729715,0.398066188,0.211135914,-0.124873981,0.33315956,-0.074866115,0.221516151,0.513771722,-0.223503801,-0.108480682,0.014151875,-0.017859958,1.273645085,-0.040622419,1.329337775,0.991879147,-0.54607301,0.400731339,-0.165020443,-0.995736686,-0.19613445,-0.296870553,-0.350066632,-1.340500219,-0.108370455,-0.818906428,-0.653817547
7,DC,District of Columbia,No,No,No,Yes,No,No,No,Yes,No,0.37,21,43,16,0.372093023,20826,10580,0.508005973,13887,4315,37,23,1833,342,386,6180,2500,18,14,1406,235,227,,,,,,,,,,,,251,172,1,213,52,2,0,18,113,26,424,,,0,0,0,1,0,0,0,1,0,2,,0.020359166,,0.405660377,,0.591981132,0.666810717,0.584120983,,0.502358491,0.207192932,0.236294896,,0.122641509,0.088014981,0.13289225,,0.266509434,1.365266053,,,0.040075614,,,0.033177732,,,0.046517662,0.445020523,,,0.034466019,0.579374276,,,0.0208,0.767048554,,,0.080369844,,,0.713228718,0.580172559,,,0.428842684,0.755329337,,,0.25880354,-1.136276609,-2.252383568,,1.949679679,-0.213622942,,,3.816487543,,1.953537166,,,4.517739871,,-1.959173962,,,3.323242505,3.966348017,3.70488599,,5.804429241,-2.547598039,,,5.71943912,0.228647204,0.456570667,,0.218200455,-1.796404746,,,2.836234264,-2.521676744,-2.382535296,,-1.998362094,-0.231934263,,,5.809921017,,,2.319754824,-2.57698621,,,-0.065438284,-2.695001949,,,-0.93050662
8,DE,Delaware,No,Yes,No,No,No,No,Yes,Yes,No,0.55,21,55,30,0.545454545,49864,36733,0.73666908,14714,8110,272,54,22448,2480,1786,9404,5751,167,36,18008,2021,1347,1338,363,,449,185,4,2,803,196,62,1701,401,150,1,68,43,1,0,107,296,37,552,,,0,1,0,0,0,0,1,1,0,3,0.034112787,0.011070111,0.21340388,0.27173913,0.78659612,0.726449275,0.295082625,0.256009583,0.263962375,0.123188406,0.162642387,0.156562219,0.108759553,0.077898551,0.450184502,0.490240383,0.47207525,0.536231884,1.350559981,0.046307135,0.324514991,0.01502736,0.020167597,0.41322314,0.008333718,0.071421594,0.299701046,0.021405126,0.639119206,0.04774564,0.151447661,0.007230966,0.709124538,0.032168319,0.232432432,0.007476961,0.802209551,0.044591293,0.368617684,0.016437139,0.282373936,1.378784444,0.38933279,0.796698575,1.070739088,0.410852946,0.439916309,0.883964217,0.721403587,0.630551497,0.454882112,-0.158931296,-0.329122711,-0.450562751,0.388758441,-0.256807074,-0.414059776,0.952550693,0.512440729,-0.930327243,-0.175185564,1.320505852,-0.523531729,0.239099006,0.935960892,0.189513342,0.832647619,-0.289799338,0.664389342,1.168487172,1.011285826,0.97453605,0.830504654,-1.060635414,-0.188671807,0.12854776,0.451611848,-0.101083032,-0.14896051,-0.498964277,-0.412879548,-0.665998995,-0.582270094,0.505647732,0.00710712,-0.621398582,-0.466788875,-0.382257661,-0.28031799,0.071692083,-0.396407854,1.040164204,0.367698029,-0.862003998,1.163386976,-0.266867023,-1.208491377,0.378236419,-0.255081643,-0.038022736,-1.24013628,-0.694377698,-0.381550929,-0.583031979
9,FL,Florida,No,Yes,Yes,Yes,No,Yes,Yes,Yes,No,0.38,21,1280,480,0.375,932983,695364,0.74531249,201076,308793,3107,1470,360529,27234,30774,146504,237030,2010,1138,262898,23089,22696,16554,6745,,3047,7224,69,34,9634,2445,846,23299,9788,4414,28,1200,4598,81,18,1839,5904,591,14230,,,0,1,1,1,0,1,1,1,0,6,0.024972588,0.015252154,0.289497403,0.31018974,0.710502597,0.687842586,0.215519468,0.210686777,0.130778145,0.084328883,0.330973876,0.340871831,0.310056226,0.323120169,0.386426119,0.378072492,0.413494141,0.414898103,1.987499973,0.033506192,0.610755826,0.020464102,0.019795828,0.654410675,0.012954601,0.046678896,0.591277033,0.027600159,0.728600131,0.020798067,0.393829997,0.008190903,0.767601597,0.030477155,0.63648948,0.019398388,0.729200702,0.036645391,0.612829562,0.022457379,0.424085183,1.106775062,0.469366905,0.999176398,0.567549326,0.64264197,0.364731017,1.052661626,0.831677708,1.038607664,0.863786841,-1.119888195,-0.256423917,-0.721718963,1.091503664,1.613556417,-0.802740535,3.238383802,1.229586591,0.081506398,0.435999654,3.011741193,-0.534706576,1.034908432,-0.077336039,-0.42738893,3.254491138,-1.008700758,1.320304056,0.56964451,0.639212449,-0.060427017,0.320748359,-0.375134673,-0.827685735,1.564724341,0.637283696,1.144782356,1.250781988,1.189533148,3.045864887,-0.156537175,-0.629284054,3.623842824,2.538604173,-0.955934359,-1.068121909,-0.708792852,-1.053174635,-0.558762455,-0.605603867,2.78541479,0.880166382,-0.031507981,0.030438229,0.37228269,0.071215606,-0.869280299,0.008314779,-0.22416286,0.667838205,-0.252797551,0.789700724,0.141596022
10,GA,Georgia,Yes,In progress,Yes,Yes,Yes,Yes,Yes,Yes,Yes,0.61,21,511,313,0.612524462,544289,455072,0.836084737,196714,85160,1032,598,218486,23790,18509,156761,74600,891,503,183703,22669,15944,13238,4803,,4826,2169,47,22,6806,3553,618,18041,4789,1972,5,737,652,26,7,2102,2955,286,6766,,,1,0,1,1,1,1,1,1,1,8,0.033145994,0.012430896,0.266226928,0.291457286,0.733773072,0.707803725,0.361414616,0.34447516,0.267501801,0.108926988,0.156460998,0.163930103,0.120226152,0.096364174,0.401415425,0.403678978,0.377251815,0.436742536,1.364981791,0.039644276,0.375034643,0.014867977,0.021539538,0.410576723,0.008843633,0.057039024,0.361761595,0.020634528,0.796898035,0.030785718,0.152714463,0.004701424,0.875998121,0.029075067,0.300599355,0.008739946,0.840799868,0.037048932,0.434175727,0.016085747,0.377628102,1.134937285,0.428584213,0.947785632,0.830947521,0.351734226,0.292272683,1.041862819,0.784774763,0.692344909,0.543334812,0.219182995,0.507051712,-0.479243947,0.617423105,-0.214457675,-0.616367153,1.355985421,0.491416998,-0.227926642,0.138241079,1.30194886,-0.482293073,0.326916745,0.232544496,-0.108426805,1.348125386,-0.707686255,0.582800319,1.667743712,1.737535793,1.002040624,0.643424449,0.148085928,-0.590846286,0.136053881,-0.037654139,-0.146833114,-0.093004988,-0.402781257,-0.152429953,0.787831279,-0.668261768,1.031706523,0.275300243,-0.877286522,-0.930845313,-0.91081011,-0.914032712,0.404931698,-0.59497962,1.508672185,0.337786056,-0.303768804,0.14773696,0.046593501,-0.253585999,-0.216258962,-0.322261957,-0.40355171,0.545703264,-0.440615048,-0.204184082,-0.426283234
11,HI,Hawaii,Yes,Yes,No - Historic Yes,Yes,No,Yes,Yes,Yes,No,0.72,21,64,46,0.71875,59099,51658,0.874097303,927,5930,181,19147,7742,19381,5791,873,5294,154,15639,6762,17792,5145,1688,606,,52,218,4,443,352,972,253,2294,488,254,2,1,99,1,31,331,95,186,744,,,1,1,0,1,0,1,1,1,0,6,0.038816224,0.012589045,0.264167393,0.341397849,0.735832607,0.655913978,0.015685545,0.016899609,0.022667829,0.001344086,0.100340107,0.102481707,0.095030514,0.133064516,0.131000525,0.130899377,0.153443766,0.127688172,1.216135378,0.044407449,0.324324324,0.014402416,0.023940816,0.419141914,0.0100346,0.064071469,0.289099526,0.018523031,0.941747573,0.059564719,0.019230769,0.001145475,0.892748735,0.041178693,0.45412844,0.018700416,0.873417722,0.052055605,0.269886364,0.014049098,0.373657994,1.449818752,0.541736367,1.078232728,1.144251796,0.071255061,0.081533731,1.02213261,0.791052049,1.682665379,1.331075895,0.818041557,0.826771326,-0.311029013,0.643998333,-0.651542642,-0.471740801,0.951028085,0.430006113,-0.255312759,0.932062926,1.362008989,-0.410114007,0.532025223,0.259970218,-0.937581099,0.744590905,-0.503357921,0.359240222,-0.934432049,-0.951665365,-0.900542877,-0.767839947,1.2577578,0.091596705,-0.654870734,-0.725448834,-0.562198506,-0.559675888,-0.614124882,0.365212438,0.9337654,-0.331783778,2.216523483,2.390390706,-2.296134603,-2.393219105,-2.158331812,-2.88260829,0.686597195,-0.199890911,0.334584708,0.164417837,-0.327035546,1.459252619,0.950222747,0.570870018,0.560490389,-0.640988044,-0.925289049,0.322553801,-0.415478374,2.638352275,0.969688019
12,IA,Iowa,In progress,Yes,Yes,Yes,No,Yes,Yes,District Decision,Yes,0.64,21,353,227,0.64305949,164316,119470,0.727074463,9608,17650,694,435,125986,4136,5807,6793,11285,359,323,93381,3026,4303,4737,1062,,176,411,15,6,4649,345,197,5799,473,120,3,19,46,2,0,98,399,32,596,,,0,1,1,1,0,1,1,0,1,6,0.035291755,0.003627157,0.183135023,0.201342282,0.816864977,0.793624161,0.058472699,0.056859463,0.03035006,0.031879195,0.107414981,0.09445886,0.070874289,0.077181208,0.766729959,0.781627187,0.801689947,0.669463087,1.130648835,0.048539382,0.102776341,0.0049887,0.018141349,0.11299435,0.00204987,0.077745336,0.099852227,0.007763045,0.707014988,0.025909024,0.107954545,0.002796997,0.639376771,0.036420027,0.111922141,0.004076207,0.741201403,0.049785288,0.085824909,0.004272818,0.233343242,1.131615724,0.264054882,0.953877022,0.520415266,1.25784632,0.654602427,0.86262218,0.731541945,1.304075273,0.953985762,0.391327691,-0.409822005,-0.415587087,-0.861946064,-0.902572428,-0.346281061,-0.818187392,-0.811731404,-1.332819417,-1.294166869,-0.784733718,-0.584437912,-0.843106419,1.339035141,1.262911253,-0.827305841,-0.106062421,-0.780000517,-0.61238885,-0.623618646,-0.840844926,-0.367282694,-0.540495413,-0.706488449,-0.129159942,-0.406010135,-0.509835515,-0.620605534,-0.816749816,-0.422997355,-1.273653083,-0.464073597,-0.424356092,-0.715037637,1.039493311,1.095338286,1.455037689,0.568321355,-0.4551326,-0.259662753,-0.980803244,-0.667780592,-1.149347428,0.133902295,-1.267332134,-0.215086997,-0.986135872,0.707410112,0.493486806,-1.481515574,-0.6537798,1.551677635,0.301439279
13,ID,Idaho,Yes,Yes,Yes,Yes,Yes,Yes,Yes,Yes,Yes,0.4,21,262,104,0.396946565,114591,68501,0.597784488,1448,19670,1456,353,86909,1643,3112,975,11595,605,232,52180,1050,1863,1782,519,,0,242,0,0,1820,73,49,2301,342,133,0,3,44,3,2,61,329,32,475,,,1,1,1,1,1,1,1,1,1,9,0.020080111,0.004145177,0.225554107,0.28,0.774445893,0.72,0.012636245,0.014233369,0,0.006315789,0.171653969,0.169267602,0.105171664,0.092631579,0.7584278,0.761740705,0.790960452,0.692631579,1.505957075,0.03359075,0.206431986,0.006934205,0.01546231,0.256262042,0.003962403,0.051008272,0.191919192,0.009789466,0.673342541,0,1,0.003076923,0.58947636,0.020871065,0.181818182,0.003794739,0.600398118,0.034879264,0.180769231,0.006305098,0.303133375,1.335260116,0.404761905,1.121493425,0,5.531914894,0.488005611,0.981809141,0.598380317,1.005802708,0.601852544,-0.996161937,-1.497266112,-0.866860828,-0.774898674,0.199513858,-0.80017306,0.009575376,-0.555105125,-0.768762793,-0.043876297,0.21987618,-0.66496609,-0.513729605,0.774162791,0.086459371,-0.062593408,-0.882910317,-0.565448029,-0.957383004,-0.973553617,-1.076692605,-0.702621516,-0.798455271,-1.320875024,5.156434777,-0.351866577,-0.034385956,-0.052469264,-0.529059861,-0.205076583,-1.708393718,-0.896331118,0.115046679,-0.77480699,0.99593246,0.988726684,1.395230736,0.715897096,-1.671013579,-0.652101636,-0.302287378,-0.494784304,-0.740343711,0.982103401,-0.143650641,0.844287695,-2.276358353,5.564302609,0.08103444,-0.133506256,-1.187010358,0.695540014,-0.322582827
14,IL,Illinois,No,In progress,No,Yes,No,No,Yes,Yes,Yes,0.43,20,994,425,0.427565392,616175,495575,0.80427692,100123,162968,1472,684,299439,32023,19466,71488,140609,1200,569,235688,30172,15849,15862,9450,,5699,9124,39,52,7354,2305,505,25312,5773,2605,3,387,1535,20,4,2267,3854,313,8381,,,0,0,0,1,0,0,1,1,1,4,0.041079239,0.013601655,0.373340708,0.310822098,0.626659292,0.68881995,0.162491175,0.144252636,0.225150126,0.046175874,0.264483304,0.283729002,0.360461441,0.183152368,0.485964215,0.475584927,0.290534134,0.45984966,1.881061786,0.051076023,0.331107775,0.016911668,0.038915834,0.275661376,0.010727592,0.062759342,0.363951582,0.022841362,0.714001778,0.079719673,0.06790665,0.005413496,0.862801286,0.064889161,0.168237615,0.010916798,0.787098541,0.031202267,0.524068534,0.016352127,0.620080336,0.757412219,0.469656423,0.90713137,2.554932057,0.129575897,0.331057612,1.096179501,2.079629659,0.321022164,0.667607214,-0.823544815,0.239519576,-0.243893643,0.814156023,1.301002484,-0.269259908,1.005198679,0.760994735,1.196390721,0.446051188,0.355906586,0.040014119,0.651372545,-1.193832683,-0.411771482,1.366315519,-0.541481888,0.816454384,0.170520024,0.093827518,0.672929442,-0.179739932,-0.486970599,0.569535707,-0.36645384,0.100075338,0.652668237,0.816809793,1.612337339,1.071679845,0.672858268,0.327361727,0.010242526,0.737551294,-0.433664929,-0.545356905,-1.394180524,-0.766847864,-0.058796276,-0.748907898,2.151087595,0.360461404,1.117117812,-1.42469612,0.374594773,-0.510530402,4.057873163,-0.574714416,-0.307529851,1.160027122,4.744483777,-1.269999073,-0.2060577
15,IN,Indiana,Yes,Yes,Yes,Yes,Yes,Yes,Yes,Yes,Yes,0.74,21,415,308,0.742168675,342616,298828,0.872194322,43794,42197,690,252,233091,7591,15001,37453,37028,606,180,203488,6914,13159,12721,3372,,1907,1970,29,11,10646,797,733,16093,2200,690,13,149,242,15,2,376,1974,144,2903,,,1,1,1,1,1,1,1,1,1,9,0.046970953,0.008473043,0.209532095,0.237685153,0.790467905,0.757836721,0.127822402,0.125332967,0.118498726,0.051326214,0.123161207,0.123910745,0.122413472,0.083362039,0.680327247,0.680953592,0.661529858,0.679986221,1.175196894,0.053853722,0.180388989,0.009714618,0.023028741,0.204626335,0.004712287,0.08346988,0.172942379,0.01443548,0.855208476,0.050917149,0.078133193,0.003978319,0.87750314,0.053202982,0.12284264,0.006535595,0.872998099,0.052317581,0.185421755,0.009700818,0.275892827,1.183205273,0.326437848,0.97962238,0.973232098,0.421380941,0.410101458,1.005160424,1.016923568,0.662503922,0.673715852,0.950067003,0.810765557,-0.069108073,-0.047649598,-0.771757806,-0.184919388,-0.198396156,-0.188348433,-0.981811292,-0.716484849,-0.142199473,-0.437529717,-0.384584471,0.987519396,0.691058195,-0.220215689,0.060264736,-0.073539637,-0.090419104,-0.061491748,-0.155849312,-0.112178157,0.594793991,-0.113465085,-0.305858987,-0.177517716,-0.393293579,-0.396932692,-0.384433788,-0.335819415,0.800943252,0.002488657,-0.340080258,-0.192790483,0.586144317,0.555626278,0.673775561,0.635350288,0.682973625,-0.192993715,-0.269038299,-0.205726214,-0.899986412,0.348778397,-0.769143893,-0.052370341,0.136495411,-0.243118021,-0.111836909,0.130597699,0.488998377,-0.289837257,-0.195232465
16,KS,Kansas,No,Yes,No,In progress,No,Yes,No,District Decision,No,0.27,20,365,100,0.273972603,159224,90606,0.569044998,10350,30776,1425,288,104034,4459,7892,7902,20623,642,188,52880,3427,4943,4033,709,,229,828,10,0,2964,424,195,4742,249,48,0,5,32,1,0,69,170,20,297,,,0,1,0,0,0,1,0,0,0,2,0.029781942,0.001865297,0.149514973,0.161616162,0.850485027,0.838383838,0.065002763,0.087212767,0.04829186,0.016835017,0.193287444,0.227611858,0.174609869,0.107744108,0.6533814,0.583625808,0.62505272,0.572390572,2.077014241,0.05233649,0.062631801,0.003277929,0.015969569,0.067700987,0.001081156,0.087277257,0.06174064,0.005388554,0.763478261,0.028980005,0.021834061,0.000632751,0.670100078,0.040149348,0.038647343,0.001551666,0.508295365,0.056051437,0.057354926,0.003214826,0.182975149,1.096538481,0.200639292,1.502036638,0.517025192,0.380683278,0.196822845,1.31832813,0.716294707,0.673827792,0.482659281,-1.689441645,-1.738990878,-0.579043036,-1.158006926,1.876413546,-0.230987783,-1.138769597,-1.037394593,-1.779873211,-1.925626754,-1.102336104,-0.649718579,-1.009938581,1.786735454,1.978133074,-1.143862435,0.170888433,-1.031405783,-0.563239453,-0.374436001,-0.701420762,-0.564631084,-0.107938244,-0.633665577,-0.639445572,-0.824620379,0.12572905,0.390627186,0.053395023,0.008079073,-1.005986545,-0.360399332,-0.989833461,-1.251120231,0.444761341,0.033851193,0.470449449,-0.049998929,-2.466350027,-0.094690492,-1.184262857,-0.757841341,-1.444528663,-0.012198246,-1.773766877,3.249409395,-0.994540602,-0.289365332,-0.639861819,3.672537047,-0.714835625,-0.257334128,-0.533807519
17,KY,Kentucky,In progress,Yes,Yes,Yes,No,Yes,No,District Decision,Yes,0.51,21,405,207,0.511111111,214207,174334,0.813855348,23651,14842,275,272,164171,4041,6955,18348,12078,221,227,134046,3667,5746,5831,1795,,668,443,12,9,5721,543,230,7626,1238,540,10,61,95,16,0,220,1317,79,1788,,,0,1,1,1,0,1,0,0,1,5,0.035601077,0.008347066,0.235378967,0.302013423,0.764621033,0.692393736,0.110411891,0.105246251,0.087595069,0.034116331,0.069288119,0.069280806,0.058090742,0.053131991,0.766412862,0.768903369,0.750196696,0.736577181,1.592325681,0.043743619,0.234461054,0.010256175,0.021012914,0.300835655,0.006321434,0.065582923,0.212313497,0.01392414,0.775781151,0.036407238,0.091317365,0.003324613,0.813771729,0.036678258,0.214446953,0.007865541,0.816502306,0.042679379,0.23020451,0.009824985,0.320402213,1.416940793,0.453990966,0.950127324,0.853040483,0.396679307,0.338383507,0.996655764,0.859390626,0.931549746,0.800565119,-0.352546314,0.320082707,-0.40641062,-0.068818539,0.453133806,-0.491896981,0.233407073,-0.116913197,-0.6381193,0.306034375,0.532431589,-0.498122675,-0.107456912,0.643330365,-0.3546654,0.106802624,-0.459442464,-0.127679032,-0.221461623,-0.226391783,-0.39599894,-0.337936107,-0.013687539,-0.457541918,-0.227739438,-0.303958175,-0.792022399,-0.811820697,-0.923979534,-0.762201118,0.245704652,-0.456894824,0.366849917,0.089621518,1.037829525,1.027125792,1.16801071,0.99581626,0.195114546,-0.44674384,0.050999899,-0.195156532,-0.639140016,1.322312333,0.249490968,-0.23878596,-0.161485709,-0.27118804,-0.289392754,0.034409646,-0.141824332,0.482410275,0.029559583
18,LA,Louisiana,No,No,No,Yes,No,No,No,Yes,Yes,0.29,21,398,117,0.293969849,244519,110222,0.450770848,98693,16271,1960,190,118020,4113,5272,44086,7782,710,99,52661,2619,2265,2775,1803,,2233,260,0,0,1779,231,61,4578,651,349,2,130,100,4,3,103,619,43,1002,,,0,0,0,1,0,0,0,1,1,3,0.018722471,0.004097841,0.393840105,0.348303393,0.606159895,0.649700599,0.403620987,0.399974597,0.487767584,0.129740519,0.066542886,0.070602965,0.05679336,0.099800399,0.482661879,0.477772133,0.388597641,0.617764471,1.533391433,0.041534358,0.21887287,0.009090744,0.033383461,0.193566278,0.006461912,0.049365612,0.234594595,0.011580906,0.446698347,0.050651,0.058217644,0.002948782,0.47827423,0.033410434,0.384615385,0.012850167,0.446204033,0.033782116,0.347948286,0.011754429,0.676249311,0.825109712,0.557979874,1.001107821,1.499343636,0.167316946,0.250865598,1.071873391,0.988997686,1.105380887,1.093219139,-1.576704895,-2.733782063,-0.907137019,-0.782852977,0.280074385,-0.558977751,0.10892453,-0.270641988,1.468976067,1.041828839,-0.219753887,-0.126281286,-0.083263654,-1.466812236,-1.036865656,0.291870444,-0.930637964,-0.375774861,1.985415563,2.193153281,2.713706861,0.916454781,-2.534744461,-0.119776341,-0.423863648,-0.376651748,-0.812340581,-0.801779537,-0.934862114,-0.103963486,-2.677205073,-0.547739563,1.680076288,1.148099343,-0.450992053,-0.533631275,-0.847567685,0.239018018,-3.002528347,-0.680986847,0.892451163,-0.03091409,1.446295,-1.142728677,1.079942844,0.083422647,1.440840187,-0.531826892,-0.506065376,0.885124038,0.377172364,0.981361224,0.548177448
19,MA,Massachusetts,Yes,Yes,Yes,Yes,Yes,Yes,No,Yes,Yes,0.82,20,387,319,0.824289406,327368,293386,0.896195828,35091,66167,798,304,189252,21588,10705,29880,57486,714,269,175474,19945,9617,14372,4871,24,1572,2432,33,21,11580,2896,733,19267,3917,1673,8,363,490,17,5,1351,3133,239,5598,,,1,1,1,1,1,1,0,1,1,8,0.058854256,0.017100022,0.252815695,0.298856735,0.745938652,0.699714184,0.107191295,0.10184535,0.081590284,0.064844587,0.202118106,0.19593982,0.12622619,0.087531261,0.578101708,0.598099432,0.601027664,0.559664166,1.087234437,0.065671164,0.290548606,0.019080665,0.033883063,0.343461302,0.011637521,0.096052273,0.272543835,0.026178455,0.851500385,0.052610442,0.230916031,0.012148594,0.868801669,0.042305953,0.201480263,0.008523814,0.927197599,0.065992683,0.270552677,0.017854497,0.352756494,1.260205725,0.444545753,0.918359135,0.797216292,0.853497489,0.680422103,0.937018894,0.641070359,0.744698834,0.477404349,1.413031971,1.012639648,0.283425984,1.402017148,-1.030058072,0.173898886,0.681305374,1.047101173,-0.406258982,0.255857766,0.831327637,-0.111263946,0.808080631,0.394547035,-0.237690833,0.607078578,0.425847347,1.169777552,-0.245701865,-0.254311165,-0.442661607,0.065154842,0.566386827,-0.07331166,0.599417927,1.402783797,0.191087087,0.150093351,-0.352452312,-0.277014351,0.725134592,-0.300446215,0.266783188,0.229404966,0.04977406,0.111444414,0.336532105,-0.131061992,1.151003474,0.167038003,0.33934649,0.488349546,-0.449528383,0.669493679,0.174061816,-0.439568315,-0.299886005,0.247923146,0.557409916,-0.640085751,-1.016062954,-0.05391158,-0.543119887
20,MD,Maryland,Yes,Yes,Yes,Yes,Yes,Yes,Yes,Yes,Yes,0.9,20,242,218,0.900826446,270650,260194,0.961367019,92550,47940,629,363,99771,18321,11076,87349,44057,601,351,98813,18143,10880,20144,13785,,12048,4395,47,56,11376,4623,1384,33929,4834,2776,11,996,572,46,8,2135,3445,418,7621,,,1,1,1,1,1,1,1,1,1,9,0.125361168,0.028158138,0.406289605,0.364256659,0.593710395,0.634299961,0.341954554,0.335707203,0.355094462,0.13069151,0.177129134,0.169323659,0.129535206,0.075055767,0.368634768,0.379766636,0.335288396,0.452040415,1.06720559,0.130398856,0.22461611,0.029289684,0.108121836,0.20137831,0.021773393,0.151802268,0.2399722,0.036428324,0.94380335,0.137929455,0.082669323,0.011402535,0.91900292,0.099757133,0.130147895,0.012983181,0.990398011,0.115126552,0.30283052,0.034863834,0.712254421,0.839173494,0.597705032,0.952953599,1.19806815,0.272988742,0.327059117,0.927912728,0.866499786,0.429771395,0.372396822,1.844518246,1.560787543,2.256442383,3.26020902,-1.08887244,2.1392548,0.154788314,2.393744934,1.634520023,1.295411305,-0.164975005,2.120249994,2.553682353,-1.632595598,-1.282954841,0.336537082,2.045668662,2.25500837,1.52127497,1.665556063,1.68271557,0.928929813,1.273506816,1.949877503,-0.278981276,1.258480292,0.006137167,-0.052043542,-0.324695941,-0.452975779,1.162496205,1.296683262,-0.283704029,1.176344627,-1.049284335,-1.059039587,-1.144717139,-0.816590212,1.696759058,1.460611707,0.570018828,1.936256438,1.657302253,-1.08415149,1.397186599,-0.220923246,0.69391282,-0.411745395,-0.317429134,-0.743076856,-0.113356511,-0.957854012,-0.729205762
21,ME,Maine,Yes,No,Yes,No,No,Yes,No,District Decision,No,0.6,21,126,76,0.603174603,54378,39053,0.718180358,2092,1299,443,44,48436,916,1148,1894,968,347,34,34186,785,839,,,,,,,,,,,,210,88,2,3,13,1,0,28,248,7,300,,,1,0,1,0,0,1,0,0,0,3,,0.005516937,,0.293333333,,0.7,0.038471441,0.048498195,,0.01,0.023888337,0.024786828,,0.043333333,0.890727868,0.875374491,,0.826666667,1.190667436,,,0.007681868,,,0.004598669,,,0.010543741,0.905353728,,,0.001583949,0.745188607,,,0.013429752,0.705797341,,,0.007254432,,,0.436151603,1.282738934,,,0.218342303,1.055811015,,,1.851248001,0.166472101,-0.484629368,,-0.544389883,-0.726328823,,,-0.456482957,,0.168061468,,,-0.404151693,,-0.233123729,,,-0.485587326,-0.762930977,-0.692259701,,-0.65429232,0.978949694,,,-0.640638832,-1.128038057,-1.149730971,,-0.90040693,-0.351802858,,,1.271173338,1.690101671,1.597918391,,1.569656923,-0.760857896,,,-0.413972976,,,0.107026424,1.863396851,,,-0.58658498,0.703457915,,,1.891495096
22,MI,Michigan,No,Yes,No,No,No,Yes,No,Yes,No,0.44,21,1327,580,0.437076112,542475,393133,0.724702436,91931,42968,5246,444,365100,17742,19044,54975,31951,3298,330,274336,14367,13875,,,,,,,,,,,,3258,1346,9,168,241,8,5,864,3199,127,4613,,,0,1,0,0,0,1,0,1,0,3,,0.008503618,,0.291784088,,0.706264904,0.169465874,0.139838172,,0.036418816,0.079207337,0.08127275,,0.052243659,0.673026407,0.697819822,,0.693474962,1.658069192,,,0.011733942,,,0.006987301,,,0.016249552,0.59800285,,,0.003055935,0.743599888,,,0.0075428,0.751399617,,,0.011660883,,,0.429999624,0.79585195,,,0.262067162,0.989619734,,,0.646846376,-0.769927048,-0.42977287,,-0.042511818,0.646188512,,,0.078015078,,0.143435705,,,0.007218961,,-0.133015864,,,0.118529912,0.223016019,0.057587384,,-0.307732278,-1.375622017,,,-0.355926203,-0.718607669,-0.720747672,,-0.774730653,-0.365644035,,,0.021088013,0.547837319,0.646046281,,0.721269172,-0.367067798,,,-0.038877145,,,0.057896926,-1.213842246,,,-0.478333083,-0.045168138,,,-0.242848384
23,MN,Minnesota,No,No,No,No,No,Yes,No,Yes,No,0.24,20,1114,267,0.23967684,309507,214306,0.692410427,32655,29144,5940,267,208089,19864,13548,21317,19541,2848,190,144913,16324,9172,,,,,,,,,,,,1388,418,3,87,119,5,1,399,1089,109,1809,,,0,0,0,0,0,1,0,1,0,2,,0.005844779,,0.231066888,,0.767274737,0.105506499,0.099469917,,0.048092869,0.094162652,0.091182701,,0.0657822,0.672324051,0.676196653,,0.60199005,2.888933395,,,0.008441201,,,0.003980576,,,0.012699451,0.652794365,,,0.00408125,0.670498216,,,0.00608976,0.696399137,,,0.007514854,,,0.313444686,0.937385374,,,0.543091037,0.962807362,,,0.810363076,-1.882787913,-0.701377492,,-0.489299732,4.260600379,,,-0.35632146,,-0.821684379,,,-0.510599933,,0.841869728,,,-0.25734601,-0.258382709,-0.273812067,,-0.154592936,-0.955871949,,,-0.157608867,-0.607919467,-0.645486376,,-0.583775412,-1.002517903,,,-0.287462801,0.544152107,0.530124289,,0.138540095,-0.842014364,,,-0.391804742,,,-0.872906839,-0.319318054,,,0.21741228,-0.348417141,,,0.046922732
24,MO,Missouri,No,Yes,Yes,Yes,No,No,No,Yes,No,0.5,20,634,316,0.498422713,278007,206895,0.744207656,39221,18280,1134,758,203047,5832,9735,27863,14575,787,638,150153,5154,7726,6954,2281,,1106,552,0,0,6735,489,239,9235,858,214,3,64,38,7,1,178,734,52,1075,,,0,1,1,1,0,0,0,1,0,4,0.033218588,0.003866809,0.246995127,0.199069767,0.753004873,0.798139535,0.141079181,0.134672177,0.119761776,0.059534884,0.06575374,0.070446362,0.059772604,0.035348837,0.730366502,0.725744943,0.729290742,0.682790698,1.493125487,0.044636168,0.116404981,0.005195872,0.022499829,0.093818501,0.0021109,0.065904416,0.123382226,0.008131434,0.710410239,0.039694218,0.057866184,0.002296953,0.797319475,0.03787307,0.06884058,0.002607204,0.739498737,0.044854249,0.108982925,0.004888347,0.341400926,0.760389107,0.259597545,0.960664575,0.88496005,0.530965603,0.469883346,1.078189097,0.844358594,0.631663902,0.533350844,-0.424078602,-0.265716557,-0.477090352,-0.821675297,0.161834117,-0.4647961,-0.709353175,-0.784403884,-0.483656456,-1.330289241,-0.91919703,-0.453428089,-0.832595775,0.48864414,1.33506311,-0.631864591,-0.450101465,-0.740996445,0.009359808,0.015177626,-0.146034263,-0.00449745,-0.514484868,-0.379597007,-0.425946137,-0.502729063,-0.818181258,-0.802968863,-0.9098719,-1.013024781,0.102369892,-0.423679318,-0.756825763,-1.026978238,0.848696789,0.795753097,1.051479463,0.653213889,-0.469835665,-0.389484873,-0.81530539,-0.615384118,-0.516077466,-1.412297058,-1.302928273,-0.172188085,-0.08235017,-0.11859009,0.036168209,0.956554919,-0.202018391,-0.378357972,-0.443976017
25,MS,Mississippi,In progress,Yes,Yes,Yes,No,No,Yes,Yes,Yes,0.65,21,252,163,0.646825397,155429,117895,0.758514943,69262,5746,938,81,74955,1643,2804,49626,4766,403,64,59514,1308,2214,4352,3799,,3740,299,15,0,3791,92,207,8151,195,119,2,58,19,1,0,32,186,19,316,,,0,1,1,1,0,0,1,1,1,6,0.052441951,0.002033083,0.466077782,0.376582278,0.533922218,0.617088608,0.445618257,0.420933882,0.458839406,0.183544304,0.036968648,0.040425803,0.036682616,0.060126582,0.482245913,0.504805123,0.465096307,0.588607595,1.172673408,0.069137792,0.038768249,0.002680351,0.065762426,0.031324033,0.002059944,0.072380791,0.044806985,0.003243165,0.71649678,0.075363721,0.015508021,0.001168742,0.829446572,0.062736047,0.063545151,0.003986572,0.793996398,0.063699298,0.049063572,0.003125315,0.908561862,0.699088154,0.635164835,0.902392986,1.18311698,0.316080156,0.3739598,1.044647776,0.984878159,1.295159492,1.275574296,0.41255842,-0.145379502,0.093196395,-1.129812388,-0.779167979,0.27915768,-1.329336734,-1.116219401,2.429537606,1.49133112,-1.357415586,0.846985228,-0.841371393,-2.428762917,-1.557977719,-1.284514145,-0.261929784,-1.258554228,2.301513592,2.365216591,2.488908507,1.622248774,-0.467856736,0.466242013,-0.676928956,-0.720948546,-1.031227255,-1.030960512,-1.103553126,-0.663545446,0.382266475,0.267505665,-0.797691729,-0.734071664,-0.453174598,-0.388707179,-0.421158775,0.053298219,0.000768904,0.106658827,-1.243516693,-0.765460894,2.807758206,-1.667622213,1.696339315,-0.540478092,0.65684562,-0.362777915,-0.201314683,0.577201241,0.36067619,1.526086493,0.871332559
26,MT,Montana,No,Yes,No,Yes,Yes,No,No,District Decision,No,0.37,21,174,65,0.373563218,42916,27800,0.647772698,395,2081,4812,95,33772,446,1315,296,1497,2486,65,22266,328,862,,,,,,,,,,,,33,5,0,1,6,0,0,3,25,2,38,,,0,1,0,1,1,0,0,0,0,3,,0.000885451,,0.131578947,,0.868421053,0.009204026,0.010647482,,0.026315789,0.048490074,0.053848921,,0.157894737,0.786932613,0.800935252,,0.657894737,1.734037686,,,0.001366906,,,0.000367053,,,0.00232755,0.749367089,,,0.003378378,0.71936569,,,0.004008016,0.659303565,,,0.001122788,,,0.157699443,1.136604029,,,3.008918919,1.091099347,,,3.569699399,-1.127988217,-1.076820641,,-1.322659022,0.869268705,,,-1.289472299,,-2.403078258,,,-1.132921413,,2.458102376,,,-1.355497313,-0.983216055,-1.002991623,,-0.440263024,-0.216041943,,,-0.293558837,-0.94595417,-0.929018411,,0.715431919,-0.576776384,,,-0.729517961,1.14549522,1.198848989,,0.494634733,-1.162346379,,,-0.935924482,,,-2.116683045,0.939790231,,,6.322190099,1.102570376,,,4.93679615
27,NC,North Carolina,Yes,Yes,Yes,Yes,No,Yes,No,Yes,No,0.59,21,697,414,0.593974175,519747,406844,0.782772344,125473,87497,5904,614,257644,16452,26163,94230,67478,2578,442,207197,14608,20310,,,,,,,,,,,,3655,1697,15,501,513,24,3,1136,2908,283,5367,,,1,1,1,1,0,1,0,1,0,6,,0.010326178,,0.316191541,,0.681013602,0.241411687,0.231612117,,0.093348239,0.168345368,0.165857184,,0.095584125,0.495710413,0.509278741,,0.5418297,1.317855855,,,0.013191788,,,0.008512514,,,0.017615269,0.750998223,,,0.005316778,0.771203584,,,0.007602478,0.804198817,,,0.014034952,,,0.483246322,0.933846465,,,0.378824096,0.958971299,,,0.541681775,0.114603641,0.058646895,,0.263748914,-0.352842187,,,0.270315564,,0.531400274,,,0.269891379,,-0.536510331,,,0.263128649,0.764525732,0.810997088,,0.439063599,-0.203546055,,,0.081368084,-0.05887378,-0.078369745,,-0.1634322,-0.125156069,,,0.033760531,-0.382527308,-0.364724077,,-0.244661726,0.088870025,,,0.163213699,,,0.483123241,-0.34168478,,,-0.189271893,-0.391803166,,,-0.429212613
28,ND,North Dakota,No,Yes,No,Yes,No,No,No,Yes,No,0.43,21,169,72,0.426035503,36944,26359,0.713496137,1559,1798,4406,78,27662,573,868,1410,1349,1540,61,20747,531,722,1188,248,,,,,,,,,1436,86,25,1,3,3,1,0,2,95,7,112,,,0,1,0,1,0,0,0,1,0,3,0.038869641,0.003031615,0.17270195,0.223214286,0.82729805,0.767857143,0.042199004,0.053492166,,0.026785714,0.048668255,0.051177966,,0.026785714,0.748754872,0.787093592,,0.848214286,1.674733988,0.054478546,0.077994429,0.004249023,0.019201125,0.100806452,0.001935597,0.088372539,0.072390572,0.006397339,0.904425914,,,0.00212766,0.750278087,,,0.00222387,0.750018075,,,0.004578975,0.217274789,1.392535634,0.302562886,1.205872157,,,0.464658455,1.000346674,,,0.485669697,-0.832169738,-0.524027848,-0.309444329,-0.962020194,0.695124402,-0.165947566,-1.016088276,-0.909300173,-1.47155047,-0.946504099,-0.870196696,-0.552582523,-0.862786478,1.477966824,0.851176075,-1.055403606,0.202711967,-0.924598118,-0.734874977,-0.651262157,,-0.434098585,0.971841839,,,-0.535473931,-0.944635405,-0.949303025,,-1.133803911,-0.307462465,,,-1.108378753,0.945179285,1.124643733,,1.706908233,-0.378997844,,,-0.64171917,-1.243516289,1.220662182,-0.959808528,1.377580923,,,0.023232675,0.076153985,,,-0.528472703
29,NE,Nebraska,In progress,No,No,No,No,No,No,District Decision,No,0.46,20,269,124,0.460966543,105506,81444,0.771937703,6453,19634,1378,158,71675,2697,3511,6154,16231,657,128,52609,2543,3121,2112,585,,124,336,13,1,1952,176,95,2697,293,104,0,16,16,1,1,53,286,25,397,,,0,0,0,0,0,0,0,0,0,0,0.025562527,0.003762819,0.216907675,0.261964736,0.783092325,0.738035264,0.061162398,0.075561122,0.045977011,0.040302267,0.186093682,0.19929031,0.12458287,0.040302267,0.679345251,0.645953047,0.723767149,0.720403023,1.67460679,0.033114778,0.147200593,0.004874515,0.014658877,0.177777778,0.002606023,0.050846919,0.138731061,0.007054047,0.953664962,0.020149496,0.129032258,0.002599935,0.826678211,0.020701127,0.047619048,0.000985768,0.733993722,0.037103918,0.146516393,0.005436332,0.288294295,1.2814562,0.369436512,1.299282179,0.543055763,0.880667719,0.47825168,1.126274227,0.557922959,0.325008325,0.181329606,-0.635242024,-0.032482108,-0.704217625,-0.839149634,0.694750888,-0.814625219,-0.46342869,-0.826793247,-0.883736448,-0.33055282,-0.330464709,-0.689116164,-0.747325714,0.889302718,0.374647658,-0.504376467,-0.887598447,-0.855067467,-0.592144471,-0.470089107,-0.719409249,-0.256789466,1.349055238,-0.843065439,-0.004269169,-0.444126016,0.072486134,0.175538705,-0.366236651,-0.943158804,0.358148062,-0.901055345,-0.920596888,-1.371287733,0.580991851,0.367988058,1.020690569,0.892792142,-0.517373214,-0.593531992,-0.547073934,-0.568737313,-0.827307849,0.758004225,-0.425758027,1.967954012,-0.930005162,0.278798384,0.056886127,1.500399676,-1.34901724,-1.258557517,-1.067799681
30,NH,New Hampshire,Yes,Yes,No,Yes,Yes,Yes,Yes,District Decision,No,0.78,21,100,78,0.78,55167,52063,0.943727114,1238,3025,147,51,47219,1880,1607,1197,2927,138,50,44391,1832,1528,,,,,,,,,,,,370,136,0,2,28,2,0,109,343,21,506,,,1,1,0,1,1,1,1,0,0,6,,0.00917215,,0.268774704,,0.731225296,0.022440952,0.022991376,,0.003952569,0.054833506,0.056220348,,0.055335968,0.855928363,0.852640071,,0.677865613,1.209906556,,,0.009718994,,,0.005331061,,,0.013934852,0.966882068,,,0.001670844,0.967603306,,,0.009566109,0.940108854,,,0.007726791,,,0.382570325,1.028478844,,,0.216240309,1.02924603,,,1.238044107,1.163345403,1.412420195,,0.069827515,-0.669833472,,,-0.187771226,,-0.222306115,,,-0.278019105,,0.265830123,,,-0.126544854,-0.883586578,-0.901655569,,-0.733622062,1.45030962,,,-0.623831631,-0.899004771,-0.911008564,,-0.731114975,1.585910805,,,0.450734541,1.507511101,1.476038968,,0.621842703,1.262496256,,,-0.373763704,,,-0.320871838,0.256413885,,,-0.591788996,0.403006863,,,0.804824583
31,NJ,New Jersey,Yes,Yes,Yes,Yes,No,In Progress,Yes,Yes,No,0.68,20,516,351,0.680232558,449520,393822,0.876094616,72019,130973,543,928,193782,44045,7230,55671,105512,453,822,183298,41490,6576,22587,8966,,3329,5357,46,95,13801,8335,590,31553,6433,2805,7,346,1126,42,5,3473,3890,364,9245,,,1,1,1,1,0,0,1,1,0,6,0.07019265,0.020566382,0.284156816,0.303407247,0.715843184,0.695835587,0.160213116,0.141360818,0.105505023,0.037425635,0.291361897,0.267917993,0.169777834,0.121795565,0.431086492,0.465433622,0.437391056,0.420767983,1.287933966,0.080119953,0.292999081,0.023475072,0.046462511,0.312848539,0.014535729,0.112457494,0.284809846,0.032029002,0.773004346,0.05979774,0.103935116,0.006215085,0.805601154,0.050771476,0.210192272,0.010671772,0.945897968,0.075292693,0.281863633,0.021222272,0.413156204,1.098447062,0.453830219,0.817217472,0.794203768,0.368742553,0.292856725,0.851678703,0.67432143,0.745723276,0.502857185,0.600895093,0.843570511,0.619794596,1.984499909,-0.440707307,0.612613939,0.700874125,1.626755445,0.010491334,0.328189676,0.616667346,0.266856722,1.307210537,-0.006218275,-0.299667533,0.708960629,0.902502587,1.789218982,0.153373909,0.070087406,-0.256822247,-0.294524901,-0.034960249,0.097122384,-0.152976079,0.25511938,0.851603735,0.69673282,0.01286341,0.206268779,0.174521255,-0.065106626,0.334015631,0.685520457,-0.721604503,-0.599778135,-0.575589779,-1.015785411,1.312487083,0.411884351,0.420179793,0.775028837,-0.095557051,-0.0042488,0.248207242,-1.078807172,-0.307354706,-0.302934327,-0.402105767,-1.605286741,-0.882912831,-0.050971105,-0.498014421
32,NM,New Mexico,Yes,Yes,Yes,In progress,No,Yes,No,Yes,No,0.44,21,241,105,0.435684647,110610,69989,0.632757319,2032,66114,14009,139,24911,1393,2012,1470,41923,6878,92,17089,1051,1486,1760,700,,31,1334,255,0,666,76,75,2460,278,93,1,7,101,9,0,65,182,9,372,,,1,1,1,0,0,1,0,1,0,5,0.022240304,0.003363168,0.284552846,0.25,0.715447154,0.747311828,0.018370853,0.021003301,0.012601626,0.018817204,0.597721725,0.598994128,0.542276423,0.271505376,0.225214718,0.244166941,0.270731707,0.489247312,1.452328705,0.03514838,0.151219512,0.005315121,0.020411371,0.132857143,0.002711796,0.049307468,0.157954545,0.007788339,0.723425197,0.021088435,0.225806452,0.004761905,0.634101703,0.031820242,0.075712144,0.002409179,0.686002168,0.038972438,0.273273273,0.010650126,0.413961039,0.841109969,0.348186757,1.054552348,0.54111152,0.82630273,0.447121926,0.924343585,0.816480651,0.277056527,0.226211293,-0.777771591,-1.203113383,-0.802775823,-0.906306534,0.042035057,-0.752878044,-0.431334813,-0.768674121,0.015757439,-0.520736268,-0.645453482,-0.516204218,-0.729109316,-0.011491996,0.522879303,-0.34470532,-0.932327334,-0.777322475,-0.914220722,-0.917976489,-0.978766466,-0.538628899,-0.414779115,-0.820800163,0.569142381,-0.025955988,3.11905297,3.211096182,3.137420315,2.317860655,-1.319610343,-0.591946544,-0.703796425,-1.069028627,-1.801799312,-1.78599072,-1.504560634,-0.579594402,-0.931795487,-0.544338443,0.358789124,-0.124917085,-0.090840332,-1.076085861,-0.595457847,0.421204503,-0.934825362,0.217020033,-0.020183419,-0.783444002,-0.313652436,-1.396194509,-0.988263973
33,NV,Nevada,Yes,Yes,Yes,Yes,Yes,Yes,Yes,Yes,Yes,0.83,21,151,125,0.82781457,161249,153941,0.954681243,17531,67417,1418,2482,52161,10407,9833,16625,64444,1310,2378,49835,9911,9440,5185,2466,,544,3221,64,87,2342,901,493,7651,1265,731,5,84,592,16,15,420,696,178,2001,,,1,1,1,1,1,1,1,1,1,9,0.047448356,0.012409379,0.322310809,0.365317341,0.677689191,0.632183908,0.108720054,0.107995921,0.071101817,0.04197901,0.418092515,0.418627916,0.42099072,0.295852074,0.323481076,0.323727922,0.306103777,0.347826087,1.153254941,0.049700859,0.26153444,0.012998486,0.03269209,0.296431468,0.009690964,0.066042618,0.243972999,0.016112616,0.948320119,0.032721805,0.154411765,0.005052632,0.955901331,0.049981379,0.183793853,0.00918627,0.955407297,0.046995084,0.297181896,0.013966088,0.495015055,1.215017519,0.601451964,0.992582035,0.696281438,0.519586714,0.361778584,1.000517092,1.063544847,0.618455752,0.657755428,1.432905484,1.504554198,-0.054945265,0.613807448,-0.83618998,-0.31101461,0.449606978,0.244817617,0.517834042,1.3122712,0.501548915,-0.147062926,0.472844284,-0.514294691,-1.316767573,0.369767901,-0.446085987,0.104031378,-0.23419546,-0.20381863,-0.524166572,-0.234794071,1.308109147,-0.544935436,0.146110821,0.030276641,1.789570195,1.841301903,2.120063227,2.661260253,1.48396126,-0.087071141,0.130293357,0.370076437,-1.286202603,-1.359463615,-1.307394245,-1.480401515,1.39460315,-0.333121961,0.529651155,0.15735169,0.384175159,0.48127987,1.427109476,0.029537694,-0.550125431,-0.131520635,-0.231472349,0.078081429,0.675687974,-0.416269586,-0.223516241
34,NY,New York,No,Yes,Yes,Yes,Yes,No,No,District Decision,No,0.5,20,1428,714,0.5,952239,630133,0.661738209,174021,249636,7033,2513,414490,84486,20060,98548,157670,4114,1666,288236,66558,13340,26975,14051,,7077,9258,242,165,14863,8610,811,41026,9080,4974,18,1448,2714,66,25,4177,5122,521,14072,,,0,1,1,1,1,0,0,0,0,4,0.043083722,0.014777803,0.342490128,0.353467879,0.657509872,0.645252985,0.182749289,0.156392381,0.172500366,0.102899375,0.262156874,0.250217018,0.225661775,0.192865264,0.435279378,0.457420894,0.362282455,0.363985219,1.323476418,0.06510689,0.343001999,0.022331793,0.045507076,0.353996157,0.01610933,0.083938084,0.33660797,0.028254228,0.56629947,0.071812721,0.204606472,0.014693347,0.631599609,0.058717575,0.293151869,0.017213167,0.695399165,0.051565384,0.344614143,0.017770161,0.542150517,1.051657085,0.570156433,0.814351667,1.392653661,0.593726277,0.826855073,0.90825477,1.138701396,0.850666971,0.968655667,-0.415186467,-0.959358227,-0.184427983,1.011794328,-0.336337498,0.156765599,1.100182368,1.475948631,0.786163239,1.123920065,0.90519928,0.23813766,1.578216418,-0.78301194,-1.107934772,1.139198223,0.07386846,1.3895553,0.322995404,0.193487629,0.26379273,0.564354673,-1.61849714,0.382036345,0.443527143,1.894992091,0.635449722,0.562302458,0.481623722,1.208676024,-1.341409001,0.155793067,0.974232674,2.074575683,-0.699604723,-0.642734442,-0.99425037,-1.377473111,-0.850649436,-0.21279722,0.868623841,0.481170474,0.660411621,-0.199134157,1.177184426,-1.096919725,1.176332566,-0.047271195,0.919941604,-0.965409146,0.97664381,0.25025085,0.327436103
35,OH,Ohio,In progress,Yes,No - Historic Yes,Yes,Yes,Yes,No,Yes,Yes,0.5,20,971,489,0.503604531,565557,366637,0.648276615,98658,33392,796,495,390049,13838,28329,51322,21231,485,333,264024,11223,18020,,,,,,,,,,,,2625,915,8,244,175,20,1,545,2382,181,3548,,,0,1,0,1,1,1,0,1,1,6,,0.006273461,,0.25789177,,0.739853439,0.174443955,0.139980417,,0.068771139,0.059042678,0.057907413,,0.049323563,0.689672305,0.720123719,,0.671364149,1.287273198,,,0.009677147,,,0.005093176,,,0.014038569,0.520201099,,,0.004754296,0.635810973,,,0.008242664,0.676899569,,,0.009021907,,,0.362798834,0.768505584,,,0.526972441,0.939298829,,,0.913627677,-0.394865514,-1.072582249,,-0.417264476,-0.442647641,,,-0.193291241,,-0.39529396,,,-0.318987597,,0.403700543,,,-0.115563547,0.260484208,0.05875513,,0.116663046,-1.971650255,,,-0.027427603,-0.867851582,-0.898196127,,-0.815917348,-1.304718904,,,0.169703093,0.635177186,0.765617667,,0.580430497,-1.01039931,,,-0.263517968,,,-0.478766297,-1.386677644,,,0.177506638,-0.61429959,,,0.229919935
36,OK,Oklahoma,Yes,Yes,No,Yes,No,Yes,Yes,Yes,Yes,0.53,21,494,263,0.532388664,197146,151921,0.770601249,16789,33336,27690,688,98011,4132,16500,13747,27062,19001,577,75125,3768,12641,9034,5100,,934,2184,2048,52,7053,431,1250,14134,331,152,1,16,54,15,0,75,267,58,484,,,1,1,0,1,0,1,1,1,1,7,0.07169306,0.002455033,0.360832036,0.314049587,0.639167964,0.683884298,0.085160237,0.090487819,0.066081789,0.033057851,0.169092956,0.178132055,0.154521013,0.111570248,0.497149321,0.494500431,0.499009481,0.551652893,1.447441129,0.093035196,0.034243668,0.003185866,0.068510366,0.029803922,0.002041878,0.116598268,0.036639362,0.004272086,0.818809935,0.067942096,0.017130621,0.00116389,0.811795056,0.08070357,0.024725275,0.001995418,0.766495597,0.093883527,0.037856231,0.003554077,0.587576186,0.813439962,0.477957951,1.068251322,0.723684956,0.452517864,0.327480371,1.059099438,0.859613734,0.65313619,0.561444839,-0.232591687,-0.043722879,0.664306264,-1.058908323,0.027682775,1.004765252,-1.36546868,-1.049538276,1.030059944,0.497353202,-1.368074784,0.929584458,-0.844482864,-1.027261362,-0.490639036,-1.352354796,1.02281316,-1.149614599,-0.411521555,-0.347549765,-0.563176775,-0.351821166,0.315949905,0.290251352,-0.667314643,-0.721887003,-0.053340682,0.01485198,-0.115112391,0.062045119,0.228483554,0.766998625,-1.097273055,-1.156890103,-0.374977459,-0.443950722,-0.232124376,-0.182091191,-0.23670922,0.901335215,-1.323609509,-0.728962898,0.926627873,-1.191334459,0.440890488,0.507785205,-0.482186157,-0.20773518,-0.316386213,0.740650113,-0.140930921,-0.316725642,-0.394190105
37,OR,Oregon,No,No,No,No,No,No,No,District Decision,No,0.55,21,341,189,0.554252199,196708,160350,0.815169408,4048,43486,2839,1380,124743,7847,12077,3566,35906,1593,1241,101017,7118,9909,4051,1250,2,78,1182,60,37,3262,351,333,5303,671,225,3,13,85,3,3,187,534,75,899,,,0,0,0,0,0,0,0,0,0,0,0.026958741,0.004570226,0.235715633,0.250278087,0.763907222,0.746384872,0.020578726,0.022238853,0.014708655,0.014460512,0.221068792,0.223922669,0.222892702,0.094549499,0.634153161,0.629978173,0.615123515,0.593993326,1.470755388,0.033071406,0.169526683,0.005606486,0.015909076,0.18,0.002863634,0.049536247,0.165638114,0.008205091,0.880928854,0.021873247,0.166666667,0.003645541,0.825691027,0.032919289,0.071912014,0.002367292,0.809800951,0.032291594,0.16370325,0.005286239,0.321160308,1.086706408,0.349006965,1.08783381,0.677366593,1.018102372,0.689628535,1.0196222,1.019438333,0.439282749,0.447821674,-0.10933352,0.331135124,-0.662797082,-0.703474021,0.096144701,-0.815942141,-0.285139261,-0.730240978,-0.633642573,-0.516315986,-0.314882226,-0.651536903,-0.702959858,0.633824924,0.508067332,-0.280885247,-0.925680136,-0.733197819,-0.89760287,-0.90783334,-0.962392923,-0.595779664,0.791834176,-0.802189738,0.218724212,-0.241883972,0.331346077,0.362609578,0.458396448,-0.178025147,0.349547549,-0.561393282,-0.733122848,-1.077923131,0.343872116,0.282346617,0.415103364,0.087603571,0.137246225,-0.7202286,-0.424248742,-0.581513886,-0.634697216,-0.053149902,-0.588907692,0.631551091,-0.59701944,0.43497401,0.580202756,0.294160965,0.499068468,-0.930553386,-0.595543919
38,PA,Pennsylvania,No,Yes,Yes,Yes,Yes,Yes,No,Yes,No,0.63,20,794,504,0.634760705,624014,506689,0.811983654,92446,73912,1038,541,409196,25169,21712,61837,59056,839,431,344993,22146,17387,,,,,,,,,,,,4505,1702,4,286,357,37,3,1283,3976,270,6211,,,0,1,1,1,1,1,0,1,0,6,,0.009953302,,0.274029947,,0.725326034,0.148147317,0.122041331,,0.046047335,0.118446061,0.116552757,,0.057478667,0.655748108,0.680877224,,0.640154564,1.279196471,,,0.012258012,,,0.00685523,,,0.017433442,0.6688986,,,0.004625063,0.799004221,,,0.00604511,0.843099639,,,0.011524872,,,0.39322295,0.793380247,,,0.40131143,0.94769845,,,0.524527299,0.344542346,0.304340089,,0.201091367,-0.466364811,,,0.147143699,,-0.138772276,,,-0.01552649,,0.171564901,,,0.243877221,0.06255907,-0.088514132,,-0.181426092,-0.832499678,,,-0.052424102,-0.428191609,-0.452813054,,-0.700893143,0.117047682,,,-0.296944217,0.457179294,0.555216871,,0.381635616,0.42479095,,,-0.05045502,,,-0.235800345,-1.229463982,,,-0.133598837,-0.519299543,,,-0.459612393
39,RI,Rhode Island,Yes,Yes,Yes,Yes,No,Yes,Other,Yes,No,0.86,21,63,54,0.857142857,44343,42454,0.957401051,3999,11871,350,73,25132,1302,1616,3644,10861,334,70,24722,1275,1548,,,,,,,,,,,,511,226,2,35,64,1,1,94,517,27,739,,,1,1,1,1,0,1,0,1,0,6,,0.016665539,,0.305818674,,0.691474966,0.090183343,0.085834079,,0.047361299,0.267708545,0.255829839,,0.086603518,0.566763638,0.582324398,,0.699594046,1.116967893,,,0.017407076,,,0.0108641,,,0.023601093,0.911227807,,,0.00960483,0.914918709,,,0.005892643,0.983686137,,,0.020912548,,,0.460321898,0.92633999,,,0.4592855,0.930092104,,,0.281775494,1.59824704,1.527430211,,1.329007188,-0.942746281,,,0.826342601,,0.366520106,,,0.674881888,,-0.369346565,,,0.896892807,-0.373714474,-0.385754214,,-0.164189616,1.023950181,,,0.910766701,0.676539086,0.604929128,,-0.290099761,1.126913884,,,-0.329320209,-0.009716002,0.026874321,,0.760245742,1.638799897,,,0.748663782,,,0.300049572,-0.389127449,,,0.009930574,-0.718428018,,,-0.889797575
40,SC,South Carolina,Soon in progress,Yes,Yes,Yes,No,Yes,Yes,Yes,Yes,0.92,21,306,282,0.921568627,241394,237133,0.982346775,76051,23887,819,341,126966,4189,9140,74256,23651,805,333,124947,4134,9007,27015,22871,,17892,5348,1818,295,31138,1406,0,49886,1393,731,6,190,168,17,2,211,1416,125,2130,,,0,1,1,1,0,1,1,1,1,7,0.206657995,0.008823749,0.458465301,0.343192488,0.541534699,0.65399061,0.315049256,0.313140727,0.35865774,0.089201878,0.098954406,0.099737278,0.107204426,0.078873239,0.525969991,0.526906841,0.624183138,0.664788732,1.065950756,0.210371395,0.04269735,0.008982301,0.196832622,0.031961873,0.006291139,0.223379235,0.051563946,0.011518315,0.976397418,0.240950226,0.010619271,0.002558716,0.990120149,0.226121517,0.031413613,0.007103294,0.984098105,0.249209665,0.045474982,0.011332805,0.881158993,0.619849248,0.546185739,0.992174878,0.966857471,0.233518973,0.225779564,1.006119353,0.907354525,0.69078889,0.626790425,1.961454652,1.737246019,4.668221386,0.0112826,-1.092557238,4.567496801,-1.297960119,-0.284946416,2.328312639,0.960589307,-1.352942974,4.786772445,-0.112674213,-2.327391561,-0.968314897,-1.22839052,4.125344166,-0.382401828,1.31876867,1.480298666,1.710405491,0.384671944,1.523205371,4.392832458,-0.705896036,-0.452098671,-0.57245444,-0.580518496,-0.512008845,-0.399131987,1.78208127,4.809583826,-1.045657714,-0.072240455,-0.223757417,-0.270219678,0.465602333,0.538547238,1.64235737,4.990689646,-1.269162405,-0.066804527,2.647164224,-1.997660901,0.985755285,0.02696437,0.120691325,-0.456597372,-0.568172169,0.141443225,0.050241634,-0.208650355,-0.278389924
41,SD,South Dakota,No,No,No,Yes,No,No,No,Yes,No,0.4,21,210,83,0.395238095,43793,29332,0.669779595,1220,2421,8379,46,29643,710,1374,1116,1848,3966,32,20768,508,1094,,,,,,,,,,,,42,7,1,1,5,1,0,7,35,1,50,,,0,0,0,1,0,0,0,1,0,2,,0.001141735,,0.14,,0.84,0.027858334,0.038047184,,0.02,0.055282808,0.063002864,,0.1,0.676889001,0.708032183,,0.7,1.694623073,,,0.001704623,,,0.000487035,,,0.002807614,0.914754098,,,0.000896057,0.763320942,,,0.002705628,0.700603853,,,0.001685285,,,0.173469388,1.305665242,,,0.531694828,1.089518619,,,1.605442177,-1.005793631,-0.891722992,,-1.279593325,0.753528362,,,-1.244925044,,-2.269222827,,,-1.11225812,,2.003957971,,,-1.304669268,-0.842811937,-0.778056306,,-0.523113074,1.050964602,,,-0.773691481,-0.895679367,-0.859498635,,-0.101148204,-0.193830954,,,-1.006078139,0.568104079,0.700794839,,0.762831537,-0.805705313,,,-0.888042356,,,-1.990744806,2.008296454,,,0.189198098,1.084692273,,,1.455897828
42,TN,Tennessee,Yes,Yes,Yes,Yes,Yes,No,No,Yes,No,0.54,21,423,230,0.543735225,312860,222053,0.709753336,66595,32999,540,336,198156,6397,7837,44119,23895,394,285,141959,5241,6161,10802,4717,,3924,1666,212,49,11028,892,2149,15519,1266,626,5,264,173,16,1,316,1031,96,1897,,,1,1,1,1,1,0,0,1,0,6,0.049603657,0.006063415,0.303949997,0.329994729,0.696050003,0.667369531,0.212858787,0.1986868,0.252851344,0.139167106,0.105475292,0.107609445,0.107352278,0.091196626,0.633369558,0.639302329,0.710612797,0.543489721,1.30532896,0.06988872,0.122237258,0.008543005,0.043352401,0.132711469,0.005753361,0.0953844,0.117200518,0.011179101,0.662497184,0.088941272,0.067278287,0.005983816,0.724112852,0.069721699,0.103841537,0.007240008,0.71640021,0.077684402,0.0934893,0.00726266,0.454502001,1.132345411,0.514653255,0.924758501,1.144905159,0.719636231,0.823915234,1.010765829,0.897499336,1.110731781,0.996881036,-0.168624158,-0.555508146,0.008994599,-0.452560415,-0.3896272,0.301958448,-0.662778371,-0.342892694,0.273685963,0.750806529,-0.646474963,0.17337113,-0.205290531,-0.269793531,-0.754531053,-0.683210138,0.406442233,-0.418316936,0.549618537,0.540699749,0.88819319,1.040112038,-0.881540021,0.788209586,-0.370177048,0.210387219,-0.524191657,-0.520733194,-0.510768649,-0.225315968,-0.535418321,0.461705173,-0.486715855,-0.04320931,0.339760607,0.332333497,0.947367295,-0.234087936,-0.669298762,0.474852157,-0.926029972,-0.413272514,0.146749189,0.13694152,0.733937937,-0.399122829,0.562110218,0.095808193,0.912663292,0.193995049,0.010777656,0.996719998,0.377454827
43,TX,Texas,In progress,Soon in progress,Yes,Yes,Yes,No,Yes,Yes,Yes,0.49,20,2066,1021,0.494191675,1714001,1339124,0.781285535,211916,889858,5938,2605,487573,78607,37504,170232,677093,4635,2278,382306,72224,30356,47621,17366,,5627,26206,183,91,19559,11536,1785,64987,10266,4217,22,583,4048,75,15,4531,4626,625,14505,,,0,0,1,1,1,0,1,1,1,6,0.03791538,0.008462656,0.267222675,0.290727335,0.732777325,0.707755946,0.123638201,0.12712191,0.086586548,0.040193037,0.519170059,0.505623826,0.403249881,0.279076181,0.284464828,0.285489619,0.300967886,0.318924509,1.580936253,0.048529486,0.223198486,0.010831708,0.026465672,0.242830819,0.006426681,0.069728053,0.215577161,0.015031776,0.803299421,0.03305489,0.103607606,0.003424738,0.760900054,0.038703694,0.154468442,0.005978499,0.784100022,0.051160589,0.236515159,0.012100255,0.379555581,1.126421822,0.427539689,1.024485905,0.646100654,0.438059051,0.283030239,0.970411979,0.756513844,0.653101657,0.494080445,-0.447931561,0.046141504,-0.33775373,-0.04939505,0.419688944,-0.346581532,0.143467594,-0.040996217,-0.214685948,0.126638265,0.125694862,-0.334220375,-0.089331237,0.219284653,-0.109190262,0.133910771,-0.339005318,-0.010405264,-0.121912048,-0.046805593,-0.403836072,-0.258222338,0.197126042,-0.537036909,-0.154916655,-0.284591918,2.537671538,2.501993828,1.971251221,2.424643562,-0.214922131,-0.400588184,-0.09601714,-0.311088848,-1.490918127,-1.564459487,-1.336022062,-1.664495149,-0.084689437,-0.223454483,0.096098708,-0.001475957,-0.292472851,0.112269128,0.038251969,0.231177581,-0.674534493,-0.224165638,-0.426433706,-0.262408619,-0.553782676,-0.316824763,-0.513567853
44,UT,Utah,Yes,Yes,Yes,Yes,Yes,Yes,No,Yes,No,0.74,21,333,248,0.744744745,287198,257579,0.896869543,3933,48871,2671,4244,214449,4913,8100,3436,44385,2396,3786,191825,4527,7225,17587,9271,,416,5017,282,456,19207,701,788,26858,485,156,1,7,52,3,2,77,454,46,642,,,1,1,1,1,1,1,0,1,0,7,0.093517364,0.002235392,0.345185792,0.242990654,0.654814208,0.755451713,0.013694385,0.013339597,0.015488867,0.010903427,0.170164834,0.172316066,0.18679723,0.080996885,0.746693918,0.744722978,0.715131432,0.707165109,1.204264346,0.104270923,0.023903492,0.002492439,0.073454778,0.016826664,0.001235999,0.133878592,0.027577188,0.003691995,0.873633359,0.121071013,0.016826923,0.002037253,0.908207321,0.113033683,0.01036476,0.001171567,0.894501723,0.100127721,0.023637216,0.002366741,0.548667093,0.610166054,0.334778035,0.976670404,1.209165775,0.711882625,0.860784105,1.015322048,1.128894994,0.438493264,0.495012851,0.96458989,1.018306193,1.311753413,-1.095816641,-0.686401728,1.345920656,-1.448042206,-1.141006353,0.82200812,-0.632152149,-1.459072841,1.078206582,-0.983271447,-0.818908658,0.652947795,-1.427625635,1.524894575,-1.211033216,-0.949418775,-0.980890956,-0.956329964,-0.642441235,0.735944418,1.550109422,-0.66911413,-0.552960521,-0.045407436,-0.029317651,0.155623872,-0.369178893,1.06844316,1.665768264,-1.208096236,-1.3318336,0.934365605,0.897494506,0.972554481,0.808470946,0.868664227,1.065729432,-1.425225147,-0.830033976,0.698601886,-2.037992461,-0.702539443,-0.07102752,0.721426241,0.086997283,1.003941467,0.245526072,0.93737519,-0.932819461,-0.511915519
45,VA,Virginia,No,Yes,Yes,Yes,Yes,Yes,Yes,Yes,No,0.73,20,348,255,0.732758621,403527,347175,0.860351774,86422,65039,1045,669,199248,30240,20864,67824,58639,885,605,172389,28401,18431,11570,3921,,2170,1749,32,16,7468,3169,887,15491,4001,1661,12,370,461,18,3,1931,2512,378,5674,,,0,1,1,1,1,1,1,1,0,7,0.038389005,0.014061017,0.253114712,0.292738809,0.746885288,0.705146281,0.214166586,0.195359689,0.140081338,0.065209729,0.161176328,0.168903291,0.112904267,0.081247797,0.493766216,0.496547851,0.482086373,0.442721184,1.174127126,0.044620148,0.366277193,0.016343343,0.023049012,0.423616424,0.00976394,0.065345358,0.345808124,0.022596956,0.784800167,0.031994574,0.170506912,0.005455296,0.901597503,0.029826566,0.263579188,0.007861662,0.865198145,0.04332063,0.336368506,0.014571695,0.352726086,1.225004256,0.432090957,0.907075646,0.738552846,0.506905104,0.374376207,1.042070546,0.688507214,0.783602459,0.539515946,0.897016752,0.711159156,-0.323703026,0.89134657,-0.774899162,-0.465282515,1.286051062,0.686028462,-0.402282888,0.1586113,1.39338478,-0.436920396,0.485412198,0.407152891,-0.150890502,1.215615125,-0.466344956,0.790577259,0.559461864,0.513386139,0.011867283,0.069944737,0.055405868,-0.562180414,0.241478638,0.108160347,-0.111933723,-0.055236031,-0.464197987,-0.365639884,1.010857329,-0.647370273,0.746013941,0.088797899,-0.392728371,-0.432974489,-0.326454962,-0.875950671,0.615618548,-0.429861287,0.809696721,0.208903554,-0.449706586,0.522875721,0.074598238,-0.510882589,-0.44532543,-0.145931544,-0.200283762,0.548052656,-0.826107474,0.057754261,-0.433050721
46,VT,Vermont,No,No,No,Yes,Yes,No,No,District Decision,No,0.64,21,70,45,0.642857143,26554,18754,0.706254319,626,595,109,35,23884,631,674,529,421,58,23,16738,549,436,,,,,,,,,,,,128,29,0,1,5,0,0,32,113,5,157,,,0,0,0,1,1,0,0,0,0,2,,0.00591248,,0.184713376,,0.815286624,0.023574603,0.028207316,,0.006369427,0.02240717,0.022448544,,0.031847134,0.899450177,0.892502933,,0.719745223,1.098617829,,,0.008371547,,,0.003155789,,,0.013382766,0.845047923,,,0.001890359,0.707563025,,,0.011876485,0.700803885,,,0.006751105,,,0.235809949,1.205826538,,,0.280007361,1.009644838,,,1.759191138,0.390186937,-0.584938002,,-0.477923295,-0.996630932,,,-0.365509262,,-1.558488858,,,-0.652644768,,1.609059108,,,-0.184998355,-0.875054005,-0.858835793,,-0.701917906,0.516955431,,,-0.581372777,-1.139000561,-1.167489107,,-1.062414787,-0.679603149,,,0.941339349,1.735867017,1.689744114,,0.888602172,-0.803977965,,,-0.456818252,,,-1.492895207,1.377292605,,,-0.433917604,0.181316596,,,1.728359344
47,WA,Washington,No,Yes,Yes,Yes,Yes,Yes,Yes,Yes,Yes,0.49,20,811,396,0.488286067,372859,320233,0.858858808,16492,83809,5979,4203,203943,29571,28289,14181,70089,3214,3740,176839,27714,24456,11064,3831,150,610,2354,86,93,7547,3162,1136,15045,2965,1265,6,80,321,20,12,1625,1848,330,4236,,,0,1,1,1,1,1,1,1,1,8,0.040350374,0.011360863,0.254636092,0.298630784,0.735393819,0.699952786,0.044231197,0.044283381,0.040545032,0.018885741,0.224773976,0.218868761,0.156463942,0.075779037,0.546970839,0.55221979,0.501628448,0.436260623,1.758925487,0.046981417,0.281555334,0.013227868,0.024414621,0.330200992,0.008061732,0.067744791,0.267986262,0.018154673,0.859871453,0.043015302,0.131147541,0.005641351,0.836294431,0.033585869,0.136363636,0.004579891,0.867100121,0.042677237,0.244865509,0.010450184,0.36039112,1.232156416,0.44405823,0.991663398,1.007921428,0.535590093,0.539832731,0.964472742,0.786973838,0.556891972,0.438259412,-0.481225098,0.69860198,-0.2655164,0.437616083,0.942351311,-0.393586268,0.609487809,0.275074773,-0.382052737,0.252266203,0.738344786,-0.3958721,0.192257609,0.254127108,-0.233878174,0.569223163,-0.396629194,0.320239398,-0.719579403,-0.726860823,-0.761620692,-0.537729836,0.630516398,-0.300843386,0.008264417,0.144147271,0.358769112,0.324227588,-0.098814906,-0.442774371,0.441926163,-0.542862509,-0.235735819,-0.608081123,-0.113567436,-0.134516743,-0.217526069,-0.91710234,0.632042714,-0.446800213,0.155774157,-0.141937022,-0.404785806,0.552665247,0.170168477,0.023731698,0.222497795,-0.113334991,0.209345526,-0.329581624,-0.431809102,-0.592977317,-0.612489388
48,WI,Wisconsin,In progress,Yes,No,Yes,Yes,No,Other,Yes,No,0.62,21,638,396,0.620689655,279601,240396,0.859782734,26736,31830,3830,196,195840,11744,9423,17384,26549,3005,176,174258,10868,8156,9979,2932,,1066,1410,162,,9126,729,418,12911,1613,438,9,30,123,12,1,236,1570,88,2060,,,0,1,0,1,1,0,0,1,0,4,0.046176516,0.007367642,0.227093176,0.212621359,0.772906824,0.783009709,0.095621976,0.072314015,0.082565254,0.014563107,0.113840795,0.11043861,0.109209201,0.059708738,0.700426679,0.72487895,0.706839129,0.762135922,1.385205516,0.053707216,0.159553869,0.008569194,0.024890903,0.149386085,0.003718355,0.081393479,0.161639443,0.013156397,0.650209455,0.061320755,0.028142589,0.001725725,0.834087339,0.053109345,0.087234043,0.004632943,0.889797794,0.052370623,0.172035941,0.009009629,0.305809547,0.924193266,0.282627124,0.730738444,1.170899855,0.163585521,0.191542263,0.937389758,1.014105658,0.507068708,0.514221246,0.2652152,0.706373022,-0.092676111,-0.233399785,-0.155071047,-0.189367798,-0.364779152,-0.339438219,-0.748297421,-1.114882186,-0.529550599,-0.381555735,-0.55575969,0.753667823,1.093301273,-0.314098393,-6.53E-05,-0.208965788,-0.332779887,-0.496745928,-0.435085195,-0.594433829,-0.975674579,0.133237971,-0.60206595,-0.613216496,-0.462276387,-0.499247052,-0.495192581,-0.66943896,0.422697609,-0.000114417,-0.614879456,-0.5968157,0.691604635,0.791110499,0.926332607,1.158617112,0.828044311,-0.191597263,-0.364699489,-0.264563098,-0.724660054,-0.730034867,-1.119014842,-1.625374764,0.626556714,-0.536067144,-0.652935228,-0.635891261,0.47771438,-0.735986011,-0.477875948
49,WV,West Virginia,Yes,Yes,Yes,Yes,No,Yes,Yes,Yes,No,0.76,21,130,99,0.761538462,79972,69736,0.872005721,3505,1519,79,43,72272,580,1974,3315,1429,72,42,62472,555,1851,1970,828,,82,63,0,0,2507,59,79,2798,260,145,0,7,14,3,0,35,329,16,405,,,1,1,1,1,0,1,1,1,0,7,0.034987246,0.005064272,0.295925661,0.358024691,0.704074339,0.641975309,0.04382784,0.047536423,0.029306648,0.017283951,0.018994148,0.020491568,0.022516083,0.034567901,0.903716301,0.895835723,0.895997141,0.812345679,1.145058017,0.040122749,0.144746247,0.005807617,0.024231328,0.175120773,0.004243409,0.055390976,0.131979695,0.007310484,0.945791726,0.024736048,0.085365854,0.002111614,0.940750494,0.044086774,0.222222222,0.009797061,0.864401151,0.040129978,0.131232549,0.005266359,0.437459857,1.326876626,0.580455259,1.094158337,0.616398248,0.650492994,0.400962742,1.088326285,1.098599499,1.693346842,1.860309992,1.059266381,0.809179254,-0.424620764,-0.620455056,-0.860260109,-0.601839076,-0.483028357,-0.703710274,0.166984468,1.196352104,-0.349095939,-0.401381621,-0.465334715,-0.162937727,-1.160309265,-0.560453616,-0.755570447,-0.827916538,-0.722615328,-0.700155276,-0.848953196,-0.558742005,1.288739488,-0.734303489,-0.263003648,-0.538577504,-1.164261232,-1.182351396,-1.222383476,-1.024039543,1.351964663,-0.250939798,0.426853345,0.499776897,1.75825107,1.707611233,1.980712579,1.478436898,0.608736253,-0.513863272,-0.656299328,-0.583206124,0.046874036,0.947185251,1.259430503,0.671523573,-0.748173211,0.017236391,-0.134462101,1.07120693,0.816060331,2.669011489,1.907554027
50,WY,Wyoming,Yes,Yes,Other,Yes,No,Yes,Yes,Yes,Yes,0.5,21,105,52,0.495238095,30254,22017,0.727737945,289,4204,1362,47,23346,274,732,232,3319,626,34,17017,215,574,1323,515,,15,240,119,1,1388,22,53,1838,62,35,1,0,4,2,0,8,80,4,98,,,1,1,0,1,0,1,1,1,1,7,0.060752297,0.003239241,0.280195865,0.357142857,0.719804135,0.632653061,0.009552456,0.010537312,0.008161045,0,0.138956832,0.15074715,0.130576714,0.040816327,0.771666556,0.772902757,0.755168662,0.816326531,1.469470851,0.083480947,0.053318825,0.004451106,0.047736767,0.067961165,0.003244246,0.117823393,0.04686319,0.00552158,0.802768166,0.064655172,0,0,0.789486204,0.072310937,0.016666667,0.001205182,0.728904309,0.081565493,0.057636888,0.004701181,0.405155259,1.45020357,0.587557604,1.101335465,0.792678004,0,0,1.083113646,0.88653834,0.289166667,0.256357337,-0.442032249,-0.404241529,0.339733919,-0.927131037,0.09237268,0.7146653,-1.21314022,-0.882643976,-0.042178364,1.182335057,-1.100511707,0.305159079,-0.63741069,0.046527593,-1.309270902,-1.267435217,1.058409283,-1.017321282,-0.980593555,-1.003896053,-1.013273838,-0.785471566,0.193056176,0.212307775,-0.768817901,-0.947007655,-0.276386022,-0.193123153,-0.315959664,-0.935908218,0.034125137,0.533685387,-1.159463066,-1.324695439,1.065395291,1.048566543,1.195724796,1.503793626,-0.561321904,0.577031732,-1.182247827,-0.631316486,-0.142446432,1.460855428,1.316149586,0.716884692,-0.311137407,-0.721959644,-1.127146331,1.012251769,-0.033114406,-1.361434535,-0.934841585
